# Detailed House 3D Model with Complete Furnished Interiors
mtllib modern_house_interior.mtl

# Vertices (1334)
v -6.4000 -0.3000 4.9000
v 6.4000 -0.3000 4.9000
v 6.4000 0.0000 4.9000
v -6.4000 0.0000 4.9000
v -6.4000 -0.3000 -4.9000
v 6.4000 -0.3000 -4.9000
v 6.4000 0.0000 -4.9000
v -6.4000 0.0000 -4.9000
v -1.8000 -0.2800 6.5000
v 1.8000 -0.2800 6.5000
v 1.8000 -0.0200 6.5000
v -1.8000 -0.0200 6.5000
v -1.8000 -0.2800 4.9000
v 1.8000 -0.2800 4.9000
v 1.8000 -0.0200 4.9000
v -1.8000 -0.0200 4.9000
v -1.6000 -0.2800 7.3000
v 1.6000 -0.2800 7.3000
v 1.6000 -0.1500 7.3000
v -1.6000 -0.1500 7.3000
v -1.6000 -0.2800 6.5000
v 1.6000 -0.2800 6.5000
v 1.6000 -0.1500 6.5000
v -1.6000 -0.1500 6.5000
v -5.8500 0.0000 4.3500
v -0.1000 0.0000 4.3500
v -0.1000 0.0300 4.3500
v -5.8500 0.0300 4.3500
v -5.8500 0.0000 0.0000
v -0.1000 0.0000 0.0000
v -0.1000 0.0300 0.0000
v -5.8500 0.0300 0.0000
v -5.8500 0.0000 0.0000
v -0.1000 0.0000 0.0000
v -0.1000 0.0300 0.0000
v -5.8500 0.0300 0.0000
v -5.8500 0.0000 -4.3500
v -0.1000 0.0000 -4.3500
v -0.1000 0.0300 -4.3500
v -5.8500 0.0300 -4.3500
v 0.1000 0.0000 0.5000
v 5.8500 0.0000 0.5000
v 5.8500 0.0300 0.5000
v 0.1000 0.0300 0.5000
v 0.1000 0.0000 -4.3500
v 5.8500 0.0000 -4.3500
v 5.8500 0.0300 -4.3500
v 0.1000 0.0300 -4.3500
v 1.5000 0.0000 4.3500
v 5.8500 0.0000 4.3500
v 5.8500 0.0300 4.3500
v 1.5000 0.0300 4.3500
v 1.5000 0.0000 0.5000
v 5.8500 0.0000 0.5000
v 5.8500 0.0300 0.5000
v 1.5000 0.0300 0.5000
v -0.1000 0.0000 4.3500
v 1.5000 0.0000 4.3500
v 1.5000 0.0300 4.3500
v -0.1000 0.0300 4.3500
v -0.1000 0.0000 0.5000
v 1.5000 0.0000 0.5000
v 1.5000 0.0300 0.5000
v -0.1000 0.0300 0.5000
v -6.0000 0.0000 -4.3000
v -3.0000 0.0000 -4.3000
v -3.0000 2.8000 -4.3000
v -6.0000 2.8000 -4.3000
v -6.0000 0.0000 -4.5000
v -3.0000 0.0000 -4.5000
v -3.0000 2.8000 -4.5000
v -6.0000 2.8000 -4.5000
v -3.0000 0.0000 -4.3000
v -1.0000 0.0000 -4.3000
v -1.0000 1.0000 -4.3000
v -3.0000 1.0000 -4.3000
v -3.0000 0.0000 -4.5000
v -1.0000 0.0000 -4.5000
v -1.0000 1.0000 -4.5000
v -3.0000 1.0000 -4.5000
v -3.0000 2.1000 -4.3000
v -1.0000 2.1000 -4.3000
v -1.0000 2.8000 -4.3000
v -3.0000 2.8000 -4.3000
v -3.0000 2.1000 -4.5000
v -1.0000 2.1000 -4.5000
v -1.0000 2.8000 -4.5000
v -3.0000 2.8000 -4.5000
v -1.0000 0.0000 -4.3000
v 2.0000 0.0000 -4.3000
v 2.0000 2.8000 -4.3000
v -1.0000 2.8000 -4.3000
v -1.0000 0.0000 -4.5000
v 2.0000 0.0000 -4.5000
v 2.0000 2.8000 -4.5000
v -1.0000 2.8000 -4.5000
v 2.0000 0.0000 -4.3000
v 4.2000 0.0000 -4.3000
v 4.2000 0.9000 -4.3000
v 2.0000 0.9000 -4.3000
v 2.0000 0.0000 -4.5000
v 4.2000 0.0000 -4.5000
v 4.2000 0.9000 -4.5000
v 2.0000 0.9000 -4.5000
v 2.0000 2.2000 -4.3000
v 4.2000 2.2000 -4.3000
v 4.2000 2.8000 -4.3000
v 2.0000 2.8000 -4.3000
v 2.0000 2.2000 -4.5000
v 4.2000 2.2000 -4.5000
v 4.2000 2.8000 -4.5000
v 2.0000 2.8000 -4.5000
v 4.2000 0.0000 -4.3000
v 6.0000 0.0000 -4.3000
v 6.0000 2.8000 -4.3000
v 4.2000 2.8000 -4.3000
v 4.2000 0.0000 -4.5000
v 6.0000 0.0000 -4.5000
v 6.0000 2.8000 -4.5000
v 4.2000 2.8000 -4.5000
v -6.0000 0.0000 4.5000
v -4.5000 0.0000 4.5000
v -4.5000 2.8000 4.5000
v -6.0000 2.8000 4.5000
v -6.0000 0.0000 4.3000
v -4.5000 0.0000 4.3000
v -4.5000 2.8000 4.3000
v -6.0000 2.8000 4.3000
v -4.5000 0.0000 4.5000
v -1.5000 0.0000 4.5000
v -1.5000 0.4000 4.5000
v -4.5000 0.4000 4.5000
v -4.5000 0.0000 4.3000
v -1.5000 0.0000 4.3000
v -1.5000 0.4000 4.3000
v -4.5000 0.4000 4.3000
v -4.5000 2.4000 4.5000
v -1.5000 2.4000 4.5000
v -1.5000 2.8000 4.5000
v -4.5000 2.8000 4.5000
v -4.5000 2.4000 4.3000
v -1.5000 2.4000 4.3000
v -1.5000 2.8000 4.3000
v -4.5000 2.8000 4.3000
v -1.5000 0.0000 4.5000
v -0.6000 0.0000 4.5000
v -0.6000 2.8000 4.5000
v -1.5000 2.8000 4.5000
v -1.5000 0.0000 4.3000
v -0.6000 0.0000 4.3000
v -0.6000 2.8000 4.3000
v -1.5000 2.8000 4.3000
v -0.6000 2.2500 4.5000
v 0.6000 2.2500 4.5000
v 0.6000 2.8000 4.5000
v -0.6000 2.8000 4.5000
v -0.6000 2.2500 4.3000
v 0.6000 2.2500 4.3000
v 0.6000 2.8000 4.3000
v -0.6000 2.8000 4.3000
v 0.6000 0.0000 4.5000
v 2.5000 0.0000 4.5000
v 2.5000 2.8000 4.5000
v 0.6000 2.8000 4.5000
v 0.6000 0.0000 4.3000
v 2.5000 0.0000 4.3000
v 2.5000 2.8000 4.3000
v 0.6000 2.8000 4.3000
v 2.5000 0.0000 4.5000
v 4.5000 0.0000 4.5000
v 4.5000 1.6000 4.5000
v 2.5000 1.6000 4.5000
v 2.5000 0.0000 4.3000
v 4.5000 0.0000 4.3000
v 4.5000 1.6000 4.3000
v 2.5000 1.6000 4.3000
v 2.5000 2.3000 4.5000
v 4.5000 2.3000 4.5000
v 4.5000 2.8000 4.5000
v 2.5000 2.8000 4.5000
v 2.5000 2.3000 4.3000
v 4.5000 2.3000 4.3000
v 4.5000 2.8000 4.3000
v 2.5000 2.8000 4.3000
v 4.5000 0.0000 4.5000
v 6.0000 0.0000 4.5000
v 6.0000 2.8000 4.5000
v 4.5000 2.8000 4.5000
v 4.5000 0.0000 4.3000
v 6.0000 0.0000 4.3000
v 6.0000 2.8000 4.3000
v 4.5000 2.8000 4.3000
v -6.0000 0.0000 -1.5000
v -5.8000 0.0000 -1.5000
v -5.8000 2.8000 -1.5000
v -6.0000 2.8000 -1.5000
v -6.0000 0.0000 -4.5000
v -5.8000 0.0000 -4.5000
v -5.8000 2.8000 -4.5000
v -6.0000 2.8000 -4.5000
v -6.0000 0.0000 0.5000
v -5.8000 0.0000 0.5000
v -5.8000 0.9000 0.5000
v -6.0000 0.9000 0.5000
v -6.0000 0.0000 -1.5000
v -5.8000 0.0000 -1.5000
v -5.8000 0.9000 -1.5000
v -6.0000 0.9000 -1.5000
v -6.0000 2.2000 0.5000
v -5.8000 2.2000 0.5000
v -5.8000 2.8000 0.5000
v -6.0000 2.8000 0.5000
v -6.0000 2.2000 -1.5000
v -5.8000 2.2000 -1.5000
v -5.8000 2.8000 -1.5000
v -6.0000 2.8000 -1.5000
v -6.0000 0.0000 4.5000
v -5.8000 0.0000 4.5000
v -5.8000 2.8000 4.5000
v -6.0000 2.8000 4.5000
v -6.0000 0.0000 0.5000
v -5.8000 0.0000 0.5000
v -5.8000 2.8000 0.5000
v -6.0000 2.8000 0.5000
v 5.8000 0.0000 -1.0000
v 6.0000 0.0000 -1.0000
v 6.0000 2.8000 -1.0000
v 5.8000 2.8000 -1.0000
v 5.8000 0.0000 -4.5000
v 6.0000 0.0000 -4.5000
v 6.0000 2.8000 -4.5000
v 5.8000 2.8000 -4.5000
v 5.8000 0.0000 1.0000
v 6.0000 0.0000 1.0000
v 6.0000 0.9000 1.0000
v 5.8000 0.9000 1.0000
v 5.8000 0.0000 -1.0000
v 6.0000 0.0000 -1.0000
v 6.0000 0.9000 -1.0000
v 5.8000 0.9000 -1.0000
v 5.8000 2.2000 1.0000
v 6.0000 2.2000 1.0000
v 6.0000 2.8000 1.0000
v 5.8000 2.8000 1.0000
v 5.8000 2.2000 -1.0000
v 6.0000 2.2000 -1.0000
v 6.0000 2.8000 -1.0000
v 5.8000 2.8000 -1.0000
v 5.8000 0.0000 4.5000
v 6.0000 0.0000 4.5000
v 6.0000 2.8000 4.5000
v 5.8000 2.8000 4.5000
v 5.8000 0.0000 1.0000
v 6.0000 0.0000 1.0000
v 6.0000 2.8000 1.0000
v 5.8000 2.8000 1.0000
v -0.1000 0.0000 0.0000
v 0.0400 0.0000 0.0000
v 0.0400 2.8000 0.0000
v -0.1000 2.8000 0.0000
v -0.1000 0.0000 -4.3000
v 0.0400 0.0000 -4.3000
v 0.0400 2.8000 -4.3000
v -0.1000 2.8000 -4.3000
v -0.1000 2.2000 1.2000
v 0.0400 2.2000 1.2000
v 0.0400 2.8000 1.2000
v -0.1000 2.8000 1.2000
v -0.1000 2.2000 0.0000
v 0.0400 2.2000 0.0000
v 0.0400 2.8000 0.0000
v -0.1000 2.8000 0.0000
v -0.1000 0.0000 4.3000
v 0.0400 0.0000 4.3000
v 0.0400 2.8000 4.3000
v -0.1000 2.8000 4.3000
v -0.1000 0.0000 1.2000
v 0.0400 0.0000 1.2000
v 0.0400 2.8000 1.2000
v -0.1000 2.8000 1.2000
v 0.0400 2.2000 0.5700
v 1.3000 2.2000 0.5700
v 1.3000 2.8000 0.5700
v 0.0400 2.8000 0.5700
v 0.0400 2.2000 0.4300
v 1.3000 2.2000 0.4300
v 1.3000 2.8000 0.4300
v 0.0400 2.8000 0.4300
v 1.3000 0.0000 0.5700
v 5.8000 0.0000 0.5700
v 5.8000 2.8000 0.5700
v 1.3000 2.8000 0.5700
v 1.3000 0.0000 0.4300
v 5.8000 0.0000 0.4300
v 5.8000 2.8000 0.4300
v 1.3000 2.8000 0.4300
v 1.3600 0.0000 1.0000
v 1.5000 0.0000 1.0000
v 1.5000 2.8000 1.0000
v 1.3600 2.8000 1.0000
v 1.3600 0.0000 0.5700
v 1.5000 0.0000 0.5700
v 1.5000 2.8000 0.5700
v 1.3600 2.8000 0.5700
v 1.3600 2.2000 2.0000
v 1.5000 2.2000 2.0000
v 1.5000 2.8000 2.0000
v 1.3600 2.8000 2.0000
v 1.3600 2.2000 1.0000
v 1.5000 2.2000 1.0000
v 1.5000 2.8000 1.0000
v 1.3600 2.8000 1.0000
v 1.3600 0.0000 4.3000
v 1.5000 0.0000 4.3000
v 1.5000 2.8000 4.3000
v 1.3600 2.8000 4.3000
v 1.3600 0.0000 2.0000
v 1.5000 0.0000 2.0000
v 1.5000 2.8000 2.0000
v 1.3600 2.8000 2.0000
v -0.1200 0.0000 4.3000
v -0.1000 0.0000 4.3000
v -0.1000 2.8000 4.3000
v -0.1200 2.8000 4.3000
v -0.1200 0.0000 1.2000
v -0.1000 0.0000 1.2000
v -0.1000 2.8000 1.2000
v -0.1200 2.8000 1.2000
v -5.8000 0.0000 4.3000
v -4.5000 0.0000 4.3000
v -4.5000 0.1200 4.3000
v -5.8000 0.1200 4.3000
v -5.8000 0.0000 4.2800
v -4.5000 0.0000 4.2800
v -4.5000 0.1200 4.2800
v -5.8000 0.1200 4.2800
v -1.5000 0.0000 4.3000
v -0.6000 0.0000 4.3000
v -0.6000 0.1200 4.3000
v -1.5000 0.1200 4.3000
v -1.5000 0.0000 4.2800
v -0.6000 0.0000 4.2800
v -0.6000 0.1200 4.2800
v -1.5000 0.1200 4.2800
v 0.0400 0.0000 -4.2600
v 5.8000 0.0000 -4.2600
v 5.8000 0.1200 -4.2600
v 0.0400 0.1200 -4.2600
v 0.0400 0.0000 -4.2800
v 5.8000 0.0000 -4.2800
v 5.8000 0.1200 -4.2800
v 0.0400 0.1200 -4.2800
v -4.5500 0.3500 4.4800
v -4.4500 0.3500 4.4800
v -4.4500 2.4500 4.4800
v -4.5500 2.4500 4.4800
v -4.5500 0.3500 4.3200
v -4.4500 0.3500 4.3200
v -4.4500 2.4500 4.3200
v -4.5500 2.4500 4.3200
v -1.5500 0.3500 4.4800
v -1.4500 0.3500 4.4800
v -1.4500 2.4500 4.4800
v -1.5500 2.4500 4.4800
v -1.5500 0.3500 4.3200
v -1.4500 0.3500 4.3200
v -1.4500 2.4500 4.3200
v -1.5500 2.4500 4.3200
v -4.5500 0.3500 4.4800
v -1.4500 0.3500 4.4800
v -1.4500 0.4500 4.4800
v -4.5500 0.4500 4.4800
v -4.5500 0.3500 4.3200
v -1.4500 0.3500 4.3200
v -1.4500 0.4500 4.3200
v -4.5500 0.4500 4.3200
v -4.5500 2.3500 4.4800
v -1.4500 2.3500 4.4800
v -1.4500 2.4500 4.4800
v -4.5500 2.4500 4.4800
v -4.5500 2.3500 4.3200
v -1.4500 2.3500 4.3200
v -1.4500 2.4500 4.3200
v -4.5500 2.4500 4.3200
v -3.0500 0.3500 4.4800
v -2.9500 0.3500 4.4800
v -2.9500 2.4500 4.4800
v -3.0500 2.4500 4.4800
v -3.0500 0.3500 4.3200
v -2.9500 0.3500 4.3200
v -2.9500 2.4500 4.3200
v -3.0500 2.4500 4.3200
v -4.4500 0.4500 4.4200
v -1.5500 0.4500 4.4200
v -1.5500 2.3500 4.4200
v -4.4500 2.3500 4.4200
v -4.4500 0.4500 4.3800
v -1.5500 0.4500 4.3800
v -1.5500 2.3500 4.3800
v -4.4500 2.3500 4.3800
v -3.0500 0.9500 -4.3200
v -0.9500 0.9500 -4.3200
v -0.9500 2.1500 -4.3200
v -3.0500 2.1500 -4.3200
v -3.0500 0.9500 -4.4800
v -0.9500 0.9500 -4.4800
v -0.9500 2.1500 -4.4800
v -3.0500 2.1500 -4.4800
v -2.9500 1.0500 -4.3800
v -1.0500 1.0500 -4.3800
v -1.0500 2.0500 -4.3800
v -2.9500 2.0500 -4.3800
v -2.9500 1.0500 -4.4200
v -1.0500 1.0500 -4.4200
v -1.0500 2.0500 -4.4200
v -2.9500 2.0500 -4.4200
v 1.9500 0.8500 -4.3200
v 4.2500 0.8500 -4.3200
v 4.2500 2.2500 -4.3200
v 1.9500 2.2500 -4.3200
v 1.9500 0.8500 -4.4800
v 4.2500 0.8500 -4.4800
v 4.2500 2.2500 -4.4800
v 1.9500 2.2500 -4.4800
v 2.0500 0.9500 -4.3800
v 4.1500 0.9500 -4.3800
v 4.1500 2.1500 -4.3800
v 2.0500 2.1500 -4.3800
v 2.0500 0.9500 -4.4200
v 4.1500 0.9500 -4.4200
v 4.1500 2.1500 -4.4200
v 2.0500 2.1500 -4.4200
v 5.8200 0.8500 1.0500
v 5.9800 0.8500 1.0500
v 5.9800 2.2500 1.0500
v 5.8200 2.2500 1.0500
v 5.8200 0.8500 -1.0500
v 5.9800 0.8500 -1.0500
v 5.9800 2.2500 -1.0500
v 5.8200 2.2500 -1.0500
v 5.8800 0.9500 0.9500
v 5.9200 0.9500 0.9500
v 5.9200 2.1500 0.9500
v 5.8800 2.1500 0.9500
v 5.8800 0.9500 -0.9500
v 5.9200 0.9500 -0.9500
v 5.9200 2.1500 -0.9500
v 5.8800 2.1500 -0.9500
v -0.5500 0.0000 4.4400
v 0.5500 0.0000 4.4400
v 0.5500 2.2200 4.4400
v -0.5500 2.2200 4.4400
v -0.5500 0.0000 4.3400
v 0.5500 0.0000 4.3400
v 0.5500 2.2200 4.3400
v -0.5500 2.2200 4.3400
v 0.3500 0.9500 4.4700
v 0.4800 0.9500 4.4700
v 0.4800 1.0500 4.4700
v 0.3500 1.0500 4.4700
v 0.3500 0.9500 4.3100
v 0.4800 0.9500 4.3100
v 0.4800 1.0500 4.3100
v 0.3500 1.0500 4.3100
v 0.1200 0.0000 0.5400
v 1.2500 0.0000 0.5400
v 1.2500 2.1500 0.5400
v 0.1200 2.1500 0.5400
v 0.1200 0.0000 0.4800
v 1.2500 0.0000 0.4800
v 1.2500 2.1500 0.4800
v 0.1200 2.1500 0.4800
v 0.2200 0.9500 0.5600
v 0.3200 0.9500 0.5600
v 0.3200 1.0300 0.5600
v 0.2200 1.0300 0.5600
v 0.2200 0.9500 0.4600
v 0.3200 0.9500 0.4600
v 0.3200 1.0300 0.4600
v 0.2200 1.0300 0.4600
v 1.4000 0.0000 1.9500
v 1.4600 0.0000 1.9500
v 1.4600 2.1500 1.9500
v 1.4000 2.1500 1.9500
v 1.4000 0.0000 1.0500
v 1.4600 0.0000 1.0500
v 1.4600 2.1500 1.0500
v 1.4000 2.1500 1.0500
v -5.5000 0.0000 3.8000
v -4.3000 0.0000 3.8000
v -4.3000 0.4200 3.8000
v -5.5000 0.4200 3.8000
v -5.5000 0.0000 1.4000
v -4.3000 0.0000 1.4000
v -4.3000 0.4200 1.4000
v -5.5000 0.4200 1.4000
v -5.7000 0.4200 3.8000
v -5.3500 0.4200 3.8000
v -5.3500 0.9000 3.8000
v -5.7000 0.9000 3.8000
v -5.7000 0.4200 1.4000
v -5.3500 0.4200 1.4000
v -5.3500 0.9000 1.4000
v -5.7000 0.9000 1.4000
v -5.7000 0.4200 1.4500
v -4.2500 0.4200 1.4500
v -4.2500 0.6800 1.4500
v -5.7000 0.6800 1.4500
v -5.7000 0.4200 1.2500
v -4.2500 0.4200 1.2500
v -4.2500 0.6800 1.2500
v -5.7000 0.6800 1.2500
v -5.7000 0.4200 3.9500
v -4.2500 0.4200 3.9500
v -4.2500 0.6800 3.9500
v -5.7000 0.6800 3.9500
v -5.7000 0.4200 3.7500
v -4.2500 0.4200 3.7500
v -4.2500 0.6800 3.7500
v -5.7000 0.6800 3.7500
v -5.3500 0.4200 2.1800
v -4.3500 0.4200 2.1800
v -4.3500 0.5400 2.1800
v -5.3500 0.5400 2.1800
v -5.3500 0.4200 1.4500
v -4.3500 0.4200 1.4500
v -4.3500 0.5400 1.4500
v -5.3500 0.5400 1.4500
v -5.3500 0.4200 2.9800
v -4.3500 0.4200 2.9800
v -4.3500 0.5400 2.9800
v -5.3500 0.5400 2.9800
v -5.3500 0.4200 2.2200
v -4.3500 0.4200 2.2200
v -4.3500 0.5400 2.2200
v -5.3500 0.5400 2.2200
v -5.3500 0.4200 3.7500
v -4.3500 0.4200 3.7500
v -4.3500 0.5400 3.7500
v -5.3500 0.5400 3.7500
v -5.3500 0.4200 3.0200
v -4.3500 0.4200 3.0200
v -4.3500 0.5400 3.0200
v -5.3500 0.5400 3.0200
v -5.3000 0.5400 1.8500
v -5.0500 0.5400 1.8500
v -5.0500 0.8200 1.8500
v -5.3000 0.8200 1.8500
v -5.3000 0.5400 1.5000
v -5.0500 0.5400 1.5000
v -5.0500 0.8200 1.5000
v -5.3000 0.8200 1.5000
v -5.3000 0.5400 3.7000
v -5.0500 0.5400 3.7000
v -5.0500 0.8200 3.7000
v -5.3000 0.8200 3.7000
v -5.3000 0.5400 3.3500
v -5.0500 0.5400 3.3500
v -5.0500 0.8200 3.3500
v -5.3000 0.8200 3.3500
v -4.6000 0.0300 3.7000
v -1.2000 0.0300 3.7000
v -1.2000 0.0450 3.7000
v -4.6000 0.0450 3.7000
v -4.6000 0.0300 1.5000
v -1.2000 0.0300 1.5000
v -1.2000 0.0450 1.5000
v -4.6000 0.0450 1.5000
v -3.6000 0.3500 3.1000
v -2.4000 0.3500 3.1000
v -2.4000 0.4000 3.1000
v -3.6000 0.4000 3.1000
v -3.6000 0.3500 2.1000
v -2.4000 0.3500 2.1000
v -2.4000 0.4000 2.1000
v -3.6000 0.4000 2.1000
v -3.5500 0.0000 2.2000
v -3.5000 0.0000 2.2000
v -3.5000 0.3500 2.2000
v -3.5500 0.3500 2.2000
v -3.5500 0.0000 2.1500
v -3.5000 0.0000 2.1500
v -3.5000 0.3500 2.1500
v -3.5500 0.3500 2.1500
v -2.5000 0.0000 2.2000
v -2.4500 0.0000 2.2000
v -2.4500 0.3500 2.2000
v -2.5000 0.3500 2.2000
v -2.5000 0.0000 2.1500
v -2.4500 0.0000 2.1500
v -2.4500 0.3500 2.1500
v -2.5000 0.3500 2.1500
v -3.5500 0.0000 3.0500
v -3.5000 0.0000 3.0500
v -3.5000 0.3500 3.0500
v -3.5500 0.3500 3.0500
v -3.5500 0.0000 3.0000
v -3.5000 0.0000 3.0000
v -3.5000 0.3500 3.0000
v -3.5500 0.3500 3.0000
v -2.5000 0.0000 3.0500
v -2.4500 0.0000 3.0500
v -2.4500 0.3500 3.0500
v -2.5000 0.3500 3.0500
v -2.5000 0.0000 3.0000
v -2.4500 0.0000 3.0000
v -2.4500 0.3500 3.0000
v -2.5000 0.3500 3.0000
v -0.6500 0.0000 3.4000
v -0.1500 0.0000 3.4000
v -0.1500 0.5200 3.4000
v -0.6500 0.5200 3.4000
v -0.6500 0.0000 1.8000
v -0.1500 0.0000 1.8000
v -0.1500 0.5200 1.8000
v -0.6500 0.5200 1.8000
v -0.5500 0.5200 3.0000
v -0.2500 0.5200 3.0000
v -0.2500 0.5600 3.0000
v -0.5500 0.5600 3.0000
v -0.5500 0.5200 2.2000
v -0.2500 0.5200 2.2000
v -0.2500 0.5600 2.2000
v -0.5500 0.5600 2.2000
v -0.3500 0.5600 2.6200
v -0.3100 0.5600 2.6200
v -0.3100 0.6800 2.6200
v -0.3500 0.6800 2.6200
v -0.3500 0.5600 2.5800
v -0.3100 0.5600 2.5800
v -0.3100 0.6800 2.5800
v -0.3500 0.6800 2.5800
v -0.3500 0.6800 3.2500
v -0.3100 0.6800 3.2500
v -0.3100 1.4500 3.2500
v -0.3500 1.4500 3.2500
v -0.3500 0.6800 1.9500
v -0.3100 0.6800 1.9500
v -0.3100 1.4500 1.9500
v -0.3500 1.4500 1.9500
v -0.3600 0.7000 3.2300
v -0.3400 0.7000 3.2300
v -0.3400 1.4300 3.2300
v -0.3600 1.4300 3.2300
v -0.3600 0.7000 1.9700
v -0.3400 0.7000 1.9700
v -0.3400 1.4300 1.9700
v -0.3600 1.4300 1.9700
v -5.1800 0.0000 4.0000
v -5.1800 0.0400 4.0000
v -5.2095 0.0000 4.1100
v -5.2095 0.0400 4.1100
v -5.2900 0.0000 4.1905
v -5.2900 0.0400 4.1905
v -5.4000 0.0000 4.2200
v -5.4000 0.0400 4.2200
v -5.5100 0.0000 4.1905
v -5.5100 0.0400 4.1905
v -5.5905 0.0000 4.1100
v -5.5905 0.0400 4.1100
v -5.6200 0.0000 4.0000
v -5.6200 0.0400 4.0000
v -5.5905 0.0000 3.8900
v -5.5905 0.0400 3.8900
v -5.5100 0.0000 3.8095
v -5.5100 0.0400 3.8095
v -5.4000 0.0000 3.7800
v -5.4000 0.0400 3.7800
v -5.2900 0.0000 3.8095
v -5.2900 0.0400 3.8095
v -5.2095 0.0000 3.8900
v -5.2095 0.0400 3.8900
v -5.4000 0.0000 4.0000
v -5.4000 0.0400 4.0000
v -5.3800 0.0400 4.0000
v -5.3800 1.7500 4.0000
v -5.3859 0.0400 4.0141
v -5.3859 1.7500 4.0141
v -5.4000 0.0400 4.0200
v -5.4000 1.7500 4.0200
v -5.4141 0.0400 4.0141
v -5.4141 1.7500 4.0141
v -5.4200 0.0400 4.0000
v -5.4200 1.7500 4.0000
v -5.4141 0.0400 3.9859
v -5.4141 1.7500 3.9859
v -5.4000 0.0400 3.9800
v -5.4000 1.7500 3.9800
v -5.3859 0.0400 3.9859
v -5.3859 1.7500 3.9859
v -5.4000 0.0400 4.0000
v -5.4000 1.7500 4.0000
v -5.2200 1.7500 4.0000
v -5.2200 2.0500 4.0000
v -5.2441 1.7500 4.0900
v -5.2441 2.0500 4.0900
v -5.3100 1.7500 4.1559
v -5.3100 2.0500 4.1559
v -5.4000 1.7500 4.1800
v -5.4000 2.0500 4.1800
v -5.4900 1.7500 4.1559
v -5.4900 2.0500 4.1559
v -5.5559 1.7500 4.0900
v -5.5559 2.0500 4.0900
v -5.5800 1.7500 4.0000
v -5.5800 2.0500 4.0000
v -5.5559 1.7500 3.9100
v -5.5559 2.0500 3.9100
v -5.4900 1.7500 3.8441
v -5.4900 2.0500 3.8441
v -5.4000 1.7500 3.8200
v -5.4000 2.0500 3.8200
v -5.3100 1.7500 3.8441
v -5.3100 2.0500 3.8441
v -5.2441 1.7500 3.9100
v -5.2441 2.0500 3.9100
v -5.4000 1.7500 4.0000
v -5.4000 2.0500 4.0000
v -5.8000 0.0000 -3.6500
v -2.0000 0.0000 -3.6500
v -2.0000 0.8800 -3.6500
v -5.8000 0.8800 -3.6500
v -5.8000 0.0000 -4.3000
v -2.0000 0.0000 -4.3000
v -2.0000 0.8800 -4.3000
v -5.8000 0.8800 -4.3000
v -5.8500 0.8800 -3.6000
v -1.9500 0.8800 -3.6000
v -1.9500 0.9400 -3.6000
v -5.8500 0.9400 -3.6000
v -5.8500 0.8800 -4.3500
v -1.9500 0.8800 -4.3500
v -1.9500 0.9400 -4.3500
v -5.8500 0.9400 -4.3500
v -5.8000 0.0000 -1.8000
v -5.1500 0.0000 -1.8000
v -5.1500 0.8800 -1.8000
v -5.8000 0.8800 -1.8000
v -5.8000 0.0000 -3.6500
v -5.1500 0.0000 -3.6500
v -5.1500 0.8800 -3.6500
v -5.8000 0.8800 -3.6500
v -5.8500 0.8800 -1.7500
v -5.1000 0.8800 -1.7500
v -5.1000 0.9400 -1.7500
v -5.8500 0.9400 -1.7500
v -5.8500 0.8800 -3.6500
v -5.1000 0.8800 -3.6500
v -5.1000 0.9400 -3.6500
v -5.8500 0.9400 -3.6500
v -5.8000 1.5500 -3.9500
v -3.2000 1.5500 -3.9500
v -3.2000 2.3500 -3.9500
v -5.8000 2.3500 -3.9500
v -5.8000 1.5500 -4.3000
v -3.2000 1.5500 -4.3000
v -3.2000 2.3500 -4.3000
v -5.8000 2.3500 -4.3000
v -1.8000 1.5500 -3.9500
v -0.4000 1.5500 -3.9500
v -0.4000 2.3500 -3.9500
v -1.8000 2.3500 -3.9500
v -1.8000 1.5500 -4.3000
v -0.4000 1.5500 -4.3000
v -0.4000 2.3500 -4.3000
v -1.8000 2.3500 -4.3000
v -2.7000 0.8900 -3.7500
v -2.1000 0.8900 -3.7500
v -2.1000 0.9410 -3.7500
v -2.7000 0.9410 -3.7500
v -2.7000 0.8900 -4.1500
v -2.1000 0.8900 -4.1500
v -2.1000 0.9410 -4.1500
v -2.7000 0.9410 -4.1500
v -2.3850 0.9400 -4.2000
v -2.3850 1.1500 -4.2000
v -2.3894 0.9400 -4.1894
v -2.3894 1.1500 -4.1894
v -2.4000 0.9400 -4.1850
v -2.4000 1.1500 -4.1850
v -2.4106 0.9400 -4.1894
v -2.4106 1.1500 -4.1894
v -2.4150 0.9400 -4.2000
v -2.4150 1.1500 -4.2000
v -2.4106 0.9400 -4.2106
v -2.4106 1.1500 -4.2106
v -2.4000 0.9400 -4.2150
v -2.4000 1.1500 -4.2150
v -2.3894 0.9400 -4.2106
v -2.3894 1.1500 -4.2106
v -2.4000 0.9400 -4.2000
v -2.4000 1.1500 -4.2000
v -4.6000 0.9410 -3.7500
v -3.8000 0.9410 -3.7500
v -3.8000 0.9460 -3.7500
v -4.6000 0.9460 -3.7500
v -4.6000 0.9410 -4.2000
v -3.8000 0.9410 -4.2000
v -3.8000 0.9460 -4.2000
v -4.6000 0.9460 -4.2000
v -0.9500 0.0000 -3.5000
v -0.1500 0.0000 -3.5000
v -0.1500 1.9500 -3.5000
v -0.9500 1.9500 -3.5000
v -0.9500 0.0000 -4.3000
v -0.1500 0.0000 -4.3000
v -0.1500 1.9500 -4.3000
v -0.9500 1.9500 -4.3000
v -0.2500 0.4000 -3.4600
v -0.2100 0.4000 -3.4600
v -0.2100 1.8000 -3.4600
v -0.2500 1.8000 -3.4600
v -0.2500 0.4000 -3.4800
v -0.2100 0.4000 -3.4800
v -0.2100 1.8000 -3.4800
v -0.2500 1.8000 -3.4800
v -4.2000 0.7200 0.2000
v -2.6000 0.7200 0.2000
v -2.6000 0.7600 0.2000
v -4.2000 0.7600 0.2000
v -4.2000 0.7200 -1.2000
v -2.6000 0.7200 -1.2000
v -2.6000 0.7600 -1.2000
v -4.2000 0.7600 -1.2000
v -4.1500 0.0000 -1.0500
v -4.0500 0.0000 -1.0500
v -4.0500 0.7200 -1.0500
v -4.1500 0.7200 -1.0500
v -4.1500 0.0000 -1.1500
v -4.0500 0.0000 -1.1500
v -4.0500 0.7200 -1.1500
v -4.1500 0.7200 -1.1500
v -2.7500 0.0000 -1.0500
v -2.6500 0.0000 -1.0500
v -2.6500 0.7200 -1.0500
v -2.7500 0.7200 -1.0500
v -2.7500 0.0000 -1.1500
v -2.6500 0.0000 -1.1500
v -2.6500 0.7200 -1.1500
v -2.7500 0.7200 -1.1500
v -4.1500 0.0000 0.1500
v -4.0500 0.0000 0.1500
v -4.0500 0.7200 0.1500
v -4.1500 0.7200 0.1500
v -4.1500 0.0000 0.0500
v -4.0500 0.0000 0.0500
v -4.0500 0.7200 0.0500
v -4.1500 0.7200 0.0500
v -2.7500 0.0000 0.1500
v -2.6500 0.0000 0.1500
v -2.6500 0.7200 0.1500
v -2.7500 0.7200 0.1500
v -2.7500 0.0000 0.0500
v -2.6500 0.0000 0.0500
v -2.6500 0.7200 0.0500
v -2.7500 0.7200 0.0500
v -4.0000 0.0000 -1.2500
v -3.6000 0.0000 -1.2500
v -3.6000 0.4600 -1.2500
v -4.0000 0.4600 -1.2500
v -4.0000 0.0000 -1.6500
v -3.6000 0.0000 -1.6500
v -3.6000 0.4600 -1.6500
v -4.0000 0.4600 -1.6500
v -4.0000 0.4600 -1.5800
v -3.6000 0.4600 -1.5800
v -3.6000 0.8500 -1.5800
v -4.0000 0.8500 -1.5800
v -4.0000 0.4600 -1.6500
v -3.6000 0.4600 -1.6500
v -3.6000 0.8500 -1.6500
v -4.0000 0.8500 -1.6500
v -3.9800 0.0000 -1.2700
v -3.6200 0.0000 -1.2700
v -3.6200 0.4600 -1.2700
v -3.9800 0.4600 -1.2700
v -3.9800 0.0000 -1.6300
v -3.6200 0.0000 -1.6300
v -3.6200 0.4600 -1.6300
v -3.9800 0.4600 -1.6300
v -4.0000 0.0000 0.6500
v -3.6000 0.0000 0.6500
v -3.6000 0.4600 0.6500
v -4.0000 0.4600 0.6500
v -4.0000 0.0000 0.2500
v -3.6000 0.0000 0.2500
v -3.6000 0.4600 0.2500
v -4.0000 0.4600 0.2500
v -4.0000 0.4600 0.6500
v -3.6000 0.4600 0.6500
v -3.6000 0.8500 0.6500
v -4.0000 0.8500 0.6500
v -4.0000 0.4600 0.5800
v -3.6000 0.4600 0.5800
v -3.6000 0.8500 0.5800
v -4.0000 0.8500 0.5800
v -3.9800 0.0000 0.6300
v -3.6200 0.0000 0.6300
v -3.6200 0.4600 0.6300
v -3.9800 0.4600 0.6300
v -3.9800 0.0000 0.2700
v -3.6200 0.0000 0.2700
v -3.6200 0.4600 0.2700
v -3.9800 0.4600 0.2700
v -3.2000 0.0000 -1.2500
v -2.8000 0.0000 -1.2500
v -2.8000 0.4600 -1.2500
v -3.2000 0.4600 -1.2500
v -3.2000 0.0000 -1.6500
v -2.8000 0.0000 -1.6500
v -2.8000 0.4600 -1.6500
v -3.2000 0.4600 -1.6500
v -3.2000 0.4600 -1.5800
v -2.8000 0.4600 -1.5800
v -2.8000 0.8500 -1.5800
v -3.2000 0.8500 -1.5800
v -3.2000 0.4600 -1.6500
v -2.8000 0.4600 -1.6500
v -2.8000 0.8500 -1.6500
v -3.2000 0.8500 -1.6500
v -3.1800 0.0000 -1.2700
v -2.8200 0.0000 -1.2700
v -2.8200 0.4600 -1.2700
v -3.1800 0.4600 -1.2700
v -3.1800 0.0000 -1.6300
v -2.8200 0.0000 -1.6300
v -2.8200 0.4600 -1.6300
v -3.1800 0.4600 -1.6300
v -3.2000 0.0000 0.6500
v -2.8000 0.0000 0.6500
v -2.8000 0.4600 0.6500
v -3.2000 0.4600 0.6500
v -3.2000 0.0000 0.2500
v -2.8000 0.0000 0.2500
v -2.8000 0.4600 0.2500
v -3.2000 0.4600 0.2500
v -3.2000 0.4600 0.6500
v -2.8000 0.4600 0.6500
v -2.8000 0.8500 0.6500
v -3.2000 0.8500 0.6500
v -3.2000 0.4600 0.5800
v -2.8000 0.4600 0.5800
v -2.8000 0.8500 0.5800
v -3.2000 0.8500 0.5800
v -3.1800 0.0000 0.6300
v -2.8200 0.0000 0.6300
v -2.8200 0.4600 0.6300
v -3.1800 0.4600 0.6300
v -3.1800 0.0000 0.2700
v -2.8200 0.0000 0.2700
v -2.8200 0.4600 0.2700
v -3.1800 0.4600 0.2700
v 1.8500 0.0000 -2.0500
v 4.0500 0.0000 -2.0500
v 4.0500 0.3500 -2.0500
v 1.8500 0.3500 -2.0500
v 1.8500 0.0000 -4.2500
v 4.0500 0.0000 -4.2500
v 4.0500 0.3500 -4.2500
v 1.8500 0.3500 -4.2500
v 1.8000 0.0000 -4.1800
v 4.1000 0.0000 -4.1800
v 4.1000 1.1500 -4.1800
v 1.8000 1.1500 -4.1800
v 1.8000 0.0000 -4.2800
v 4.1000 0.0000 -4.2800
v 4.1000 1.1500 -4.2800
v 1.8000 1.1500 -4.2800
v 1.9200 0.3500 -2.1200
v 3.9800 0.3500 -2.1200
v 3.9800 0.6200 -2.1200
v 1.9200 0.6200 -2.1200
v 1.9200 0.3500 -4.1500
v 3.9800 0.3500 -4.1500
v 3.9800 0.6200 -4.1500
v 1.9200 0.6200 -4.1500
v 1.9000 0.3800 -2.1000
v 4.0000 0.3800 -2.1000
v 4.0000 0.6500 -2.1000
v 1.9000 0.6500 -2.1000
v 1.9000 0.3800 -3.3000
v 4.0000 0.3800 -3.3000
v 4.0000 0.6500 -3.3000
v 1.9000 0.6500 -3.3000
v 2.0500 0.6200 -3.5500
v 2.8500 0.6200 -3.5500
v 2.8500 0.7400 -3.5500
v 2.0500 0.7400 -3.5500
v 2.0500 0.6200 -4.0500
v 2.8500 0.6200 -4.0500
v 2.8500 0.7400 -4.0500
v 2.0500 0.7400 -4.0500
v 3.0500 0.6200 -3.5500
v 3.8500 0.6200 -3.5500
v 3.8500 0.7400 -3.5500
v 3.0500 0.7400 -3.5500
v 3.0500 0.6200 -4.0500
v 3.8500 0.6200 -4.0500
v 3.8500 0.7400 -4.0500
v 3.0500 0.7400 -4.0500
v 1.1500 0.0000 -3.7500
v 1.6500 0.0000 -3.7500
v 1.6500 0.5500 -3.7500
v 1.1500 0.5500 -3.7500
v 1.1500 0.0000 -4.2500
v 1.6500 0.0000 -4.2500
v 1.6500 0.5500 -4.2500
v 1.1500 0.5500 -4.2500
v 1.4800 0.5500 -4.0000
v 1.4800 0.7800 -4.0000
v 1.4647 0.5500 -3.9530
v 1.4647 0.7800 -3.9530
v 1.4247 0.5500 -3.9239
v 1.4247 0.7800 -3.9239
v 1.3753 0.5500 -3.9239
v 1.3753 0.7800 -3.9239
v 1.3353 0.5500 -3.9530
v 1.3353 0.7800 -3.9530
v 1.3200 0.5500 -4.0000
v 1.3200 0.7800 -4.0000
v 1.3353 0.5500 -4.0470
v 1.3353 0.7800 -4.0470
v 1.3753 0.5500 -4.0761
v 1.3753 0.7800 -4.0761
v 1.4247 0.5500 -4.0761
v 1.4247 0.7800 -4.0761
v 1.4647 0.5500 -4.0470
v 1.4647 0.7800 -4.0470
v 1.4000 0.5500 -4.0000
v 1.4000 0.7800 -4.0000
v 1.5400 0.7800 -4.0000
v 1.5400 0.9500 -4.0000
v 1.5212 0.7800 -3.9300
v 1.5212 0.9500 -3.9300
v 1.4700 0.7800 -3.8788
v 1.4700 0.9500 -3.8788
v 1.4000 0.7800 -3.8600
v 1.4000 0.9500 -3.8600
v 1.3300 0.7800 -3.8788
v 1.3300 0.9500 -3.8788
v 1.2788 0.7800 -3.9300
v 1.2788 0.9500 -3.9300
v 1.2600 0.7800 -4.0000
v 1.2600 0.9500 -4.0000
v 1.2788 0.7800 -4.0700
v 1.2788 0.9500 -4.0700
v 1.3300 0.7800 -4.1212
v 1.3300 0.9500 -4.1212
v 1.4000 0.7800 -4.1400
v 1.4000 0.9500 -4.1400
v 1.4700 0.7800 -4.1212
v 1.4700 0.9500 -4.1212
v 1.5212 0.7800 -4.0700
v 1.5212 0.9500 -4.0700
v 1.4000 0.7800 -4.0000
v 1.4000 0.9500 -4.0000
v 4.2500 0.0000 -3.7500
v 4.7500 0.0000 -3.7500
v 4.7500 0.5500 -3.7500
v 4.2500 0.5500 -3.7500
v 4.2500 0.0000 -4.2500
v 4.7500 0.0000 -4.2500
v 4.7500 0.5500 -4.2500
v 4.2500 0.5500 -4.2500
v 4.5800 0.5500 -4.0000
v 4.5800 0.7800 -4.0000
v 4.5647 0.5500 -3.9530
v 4.5647 0.7800 -3.9530
v 4.5247 0.5500 -3.9239
v 4.5247 0.7800 -3.9239
v 4.4753 0.5500 -3.9239
v 4.4753 0.7800 -3.9239
v 4.4353 0.5500 -3.9530
v 4.4353 0.7800 -3.9530
v 4.4200 0.5500 -4.0000
v 4.4200 0.7800 -4.0000
v 4.4353 0.5500 -4.0470
v 4.4353 0.7800 -4.0470
v 4.4753 0.5500 -4.0761
v 4.4753 0.7800 -4.0761
v 4.5247 0.5500 -4.0761
v 4.5247 0.7800 -4.0761
v 4.5647 0.5500 -4.0470
v 4.5647 0.7800 -4.0470
v 4.5000 0.5500 -4.0000
v 4.5000 0.7800 -4.0000
v 4.6400 0.7800 -4.0000
v 4.6400 0.9500 -4.0000
v 4.6212 0.7800 -3.9300
v 4.6212 0.9500 -3.9300
v 4.5700 0.7800 -3.8788
v 4.5700 0.9500 -3.8788
v 4.5000 0.7800 -3.8600
v 4.5000 0.9500 -3.8600
v 4.4300 0.7800 -3.8788
v 4.4300 0.9500 -3.8788
v 4.3788 0.7800 -3.9300
v 4.3788 0.9500 -3.9300
v 4.3600 0.7800 -4.0000
v 4.3600 0.9500 -4.0000
v 4.3788 0.7800 -4.0700
v 4.3788 0.9500 -4.0700
v 4.4300 0.7800 -4.1212
v 4.4300 0.9500 -4.1212
v 4.5000 0.7800 -4.1400
v 4.5000 0.9500 -4.1400
v 4.5700 0.7800 -4.1212
v 4.5700 0.9500 -4.1212
v 4.6212 0.7800 -4.0700
v 4.6212 0.9500 -4.0700
v 4.5000 0.7800 -4.0000
v 4.5000 0.9500 -4.0000
v 2.0000 0.0000 0.4000
v 4.8000 0.0000 0.4000
v 4.8000 2.3500 0.4000
v 2.0000 2.3500 0.4000
v 2.0000 0.0000 -0.2000
v 4.8000 0.0000 -0.2000
v 4.8000 2.3500 -0.2000
v 2.0000 2.3500 -0.2000
v 3.3500 0.9000 -0.2000
v 3.4500 0.9000 -0.2000
v 3.4500 1.3000 -0.2000
v 3.3500 1.3000 -0.2000
v 3.3500 0.9000 -0.2300
v 3.4500 0.9000 -0.2300
v 3.4500 1.3000 -0.2300
v 3.3500 1.3000 -0.2300
v 3.5500 0.9000 -0.2000
v 3.6500 0.9000 -0.2000
v 3.6500 1.3000 -0.2000
v 3.5500 1.3000 -0.2000
v 3.5500 0.9000 -0.2300
v 3.6500 0.9000 -0.2300
v 3.6500 1.3000 -0.2300
v 3.5500 1.3000 -0.2300
v 5.1500 0.0000 2.7000
v 5.8000 0.0000 2.7000
v 5.8000 0.8500 2.7000
v 5.1500 0.8500 2.7000
v 5.1500 0.0000 1.3000
v 5.8000 0.0000 1.3000
v 5.8000 0.8500 1.3000
v 5.1500 0.8500 1.3000
v 5.1000 0.8500 2.7500
v 5.8000 0.8500 2.7500
v 5.8000 0.9100 2.7500
v 5.1000 0.9100 2.7500
v 5.1000 0.8500 1.2500
v 5.8000 0.8500 1.2500
v 5.8000 0.9100 1.2500
v 5.1000 0.9100 1.2500
v 5.2500 0.8600 2.3500
v 5.6500 0.8600 2.3500
v 5.6500 0.9200 2.3500
v 5.2500 0.9200 2.3500
v 5.2500 0.8600 1.6500
v 5.6500 0.8600 1.6500
v 5.6500 0.9200 1.6500
v 5.2500 0.9200 1.6500
v 5.7150 0.9100 2.0000
v 5.7150 1.1000 2.0000
v 5.7106 0.9100 2.0106
v 5.7106 1.1000 2.0106
v 5.7000 0.9100 2.0150
v 5.7000 1.1000 2.0150
v 5.6894 0.9100 2.0106
v 5.6894 1.1000 2.0106
v 5.6850 0.9100 2.0000
v 5.6850 1.1000 2.0000
v 5.6894 0.9100 1.9894
v 5.6894 1.1000 1.9894
v 5.7000 0.9100 1.9850
v 5.7000 1.1000 1.9850
v 5.7106 0.9100 1.9894
v 5.7106 1.1000 1.9894
v 5.7000 0.9100 2.0000
v 5.7000 1.1000 2.0000
v 5.7700 1.1500 2.5500
v 5.7900 1.1500 2.5500
v 5.7900 2.0500 2.5500
v 5.7700 2.0500 2.5500
v 5.7700 1.1500 1.4500
v 5.7900 1.1500 1.4500
v 5.7900 2.0500 1.4500
v 5.7700 2.0500 1.4500
v 5.7600 1.1200 2.5800
v 5.7700 1.1200 2.5800
v 5.7700 2.0800 2.5800
v 5.7600 2.0800 2.5800
v 5.7600 1.1200 1.4200
v 5.7700 1.1200 1.4200
v 5.7700 2.0800 1.4200
v 5.7600 2.0800 1.4200
v 2.3500 0.0000 4.2500
v 2.8500 0.0000 4.2500
v 2.8500 0.4200 4.2500
v 2.3500 0.4200 4.2500
v 2.3500 0.0000 3.7500
v 2.8500 0.0000 3.7500
v 2.8500 0.4200 3.7500
v 2.3500 0.4200 3.7500
v 2.3800 0.4200 4.2200
v 2.8200 0.4200 4.2200
v 2.8200 0.4600 4.2200
v 2.3800 0.4600 4.2200
v 2.3800 0.4200 3.8000
v 2.8200 0.4200 3.8000
v 2.8200 0.4600 3.8000
v 2.3800 0.4600 3.8000
v 2.3000 0.4200 4.2800
v 2.9000 0.4200 4.2800
v 2.9000 0.8400 4.2800
v 2.3000 0.8400 4.2800
v 2.3000 0.4200 4.1000
v 2.9000 0.4200 4.1000
v 2.9000 0.8400 4.1000
v 2.3000 0.8400 4.1000
v 2.4150 0.7500 4.1000
v 2.4150 0.7800 4.1000
v 2.4106 0.7500 4.1106
v 2.4106 0.7800 4.1106
v 2.4000 0.7500 4.1150
v 2.4000 0.7800 4.1150
v 2.3894 0.7500 4.1106
v 2.3894 0.7800 4.1106
v 2.3850 0.7500 4.1000
v 2.3850 0.7800 4.1000
v 2.3894 0.7500 4.0894
v 2.3894 0.7800 4.0894
v 2.4000 0.7500 4.0850
v 2.4000 0.7800 4.0850
v 2.4106 0.7500 4.0894
v 2.4106 0.7800 4.0894
v 2.4000 0.7500 4.1000
v 2.4000 0.7800 4.1000
v 1.6000 0.0000 2.0000
v 3.0000 0.0000 2.0000
v 3.0000 0.0800 2.0000
v 1.6000 0.0800 2.0000
v 1.6000 0.0000 0.6000
v 3.0000 0.0000 0.6000
v 3.0000 0.0800 0.6000
v 1.6000 0.0800 0.6000
v 2.9800 0.0800 2.0000
v 3.0200 0.0800 2.0000
v 3.0200 2.1500 2.0000
v 2.9800 2.1500 2.0000
v 2.9800 0.0800 0.6000
v 3.0200 0.0800 0.6000
v 3.0200 2.1500 0.6000
v 2.9800 2.1500 0.6000
v 1.6000 0.0800 2.0200
v 2.5000 0.0800 2.0200
v 2.5000 2.1500 2.0200
v 1.6000 2.1500 2.0200
v 1.6000 0.0800 1.9800
v 2.5000 0.0800 1.9800
v 2.5000 2.1500 1.9800
v 1.6000 2.1500 1.9800
v 1.6650 1.0000 1.3000
v 1.6650 2.2000 1.3000
v 1.6606 1.0000 1.3106
v 1.6606 2.2000 1.3106
v 1.6500 1.0000 1.3150
v 1.6500 2.2000 1.3150
v 1.6394 1.0000 1.3106
v 1.6394 2.2000 1.3106
v 1.6350 1.0000 1.3000
v 1.6350 2.2000 1.3000
v 1.6394 1.0000 1.2894
v 1.6394 2.2000 1.2894
v 1.6500 1.0000 1.2850
v 1.6500 2.2000 1.2850
v 1.6606 1.0000 1.2894
v 1.6606 2.2000 1.2894
v 1.6500 1.0000 1.3000
v 1.6500 2.2000 1.3000
v 1.9700 2.1800 1.3000
v 1.9700 2.2000 1.3000
v 1.9539 2.1800 1.3600
v 1.9539 2.2000 1.3600
v 1.9100 2.1800 1.4039
v 1.9100 2.2000 1.4039
v 1.8500 2.1800 1.4200
v 1.8500 2.2000 1.4200
v 1.7900 2.1800 1.4039
v 1.7900 2.2000 1.4039
v 1.7461 2.1800 1.3600
v 1.7461 2.2000 1.3600
v 1.7300 2.1800 1.3000
v 1.7300 2.2000 1.3000
v 1.7461 2.1800 1.2400
v 1.7461 2.2000 1.2400
v 1.7900 2.1800 1.1961
v 1.7900 2.2000 1.1961
v 1.8500 2.1800 1.1800
v 1.8500 2.2000 1.1800
v 1.9100 2.1800 1.1961
v 1.9100 2.2000 1.1961
v 1.9539 2.1800 1.2400
v 1.9539 2.2000 1.2400
v 1.8500 2.1800 1.3000
v 1.8500 2.2000 1.3000
v -6.0000 2.8000 4.5000
v 6.0000 2.8000 4.5000
v 6.0000 2.9000 4.5000
v -6.0000 2.9000 4.5000
v -6.0000 2.8000 -4.5000
v 6.0000 2.8000 -4.5000
v 6.0000 2.9000 -4.5000
v -6.0000 2.9000 -4.5000
v -6.6000 2.8500 5.1000
v 6.6000 2.8500 5.1000
v -6.6000 2.8500 -5.1000
v 6.6000 2.8500 -5.1000
v -6.6000 4.8500 0.0000
v 6.6000 4.8500 0.0000
v -6.6500 2.7500 -5.0500
v 6.6500 2.7500 -5.0500
v 6.6500 2.9500 -5.0500
v -6.6500 2.9500 -5.0500
v -6.6500 2.7500 -5.1500
v 6.6500 2.7500 -5.1500
v 6.6500 2.9500 -5.1500
v -6.6500 2.9500 -5.1500
v -6.6500 2.7500 5.1500
v 6.6500 2.7500 5.1500
v 6.6500 2.9500 5.1500
v -6.6500 2.9500 5.1500
v -6.6500 2.7500 5.0500
v 6.6500 2.7500 5.0500
v 6.6500 2.9500 5.0500
v -6.6500 2.9500 5.0500

# Texture coordinates (548)
vt 0.0000 0.0000
vt 1.0000 0.0000
vt 1.0000 1.0000
vt 0.0000 1.0000
vt 0.0000 0.0000
vt 1.0000 0.0000
vt 1.0000 1.0000
vt 0.0000 1.0000
vt 0.0000 0.0000
vt 1.0000 0.0000
vt 1.0000 1.0000
vt 0.0000 1.0000
vt 0.0000 0.0000
vt 1.0000 0.0000
vt 1.0000 1.0000
vt 0.0000 1.0000
vt 0.0000 0.0000
vt 1.0000 0.0000
vt 1.0000 1.0000
vt 0.0000 1.0000
vt 0.0000 0.0000
vt 1.0000 0.0000
vt 1.0000 1.0000
vt 0.0000 1.0000
vt 0.0000 0.0000
vt 1.0000 0.0000
vt 1.0000 1.0000
vt 0.0000 1.0000
vt 0.0000 0.0000
vt 1.0000 0.0000
vt 1.0000 1.0000
vt 0.0000 1.0000
vt 0.0000 0.0000
vt 1.0000 0.0000
vt 1.0000 1.0000
vt 0.0000 1.0000
vt 0.0000 0.0000
vt 1.0000 0.0000
vt 1.0000 1.0000
vt 0.0000 1.0000
vt 0.0000 0.0000
vt 1.0000 0.0000
vt 1.0000 1.0000
vt 0.0000 1.0000
vt 0.0000 0.0000
vt 1.0000 0.0000
vt 1.0000 1.0000
vt 0.0000 1.0000
vt 0.0000 0.0000
vt 1.0000 0.0000
vt 1.0000 1.0000
vt 0.0000 1.0000
vt 0.0000 0.0000
vt 1.0000 0.0000
vt 1.0000 1.0000
vt 0.0000 1.0000
vt 0.0000 0.0000
vt 1.0000 0.0000
vt 1.0000 1.0000
vt 0.0000 1.0000
vt 0.0000 0.0000
vt 1.0000 0.0000
vt 1.0000 1.0000
vt 0.0000 1.0000
vt 0.0000 0.0000
vt 1.0000 0.0000
vt 1.0000 1.0000
vt 0.0000 1.0000
vt 0.0000 0.0000
vt 1.0000 0.0000
vt 1.0000 1.0000
vt 0.0000 1.0000
vt 0.0000 0.0000
vt 1.0000 0.0000
vt 1.0000 1.0000
vt 0.0000 1.0000
vt 0.0000 0.0000
vt 1.0000 0.0000
vt 1.0000 1.0000
vt 0.0000 1.0000
vt 0.0000 0.0000
vt 1.0000 0.0000
vt 1.0000 1.0000
vt 0.0000 1.0000
vt 0.0000 0.0000
vt 1.0000 0.0000
vt 1.0000 1.0000
vt 0.0000 1.0000
vt 0.0000 0.0000
vt 1.0000 0.0000
vt 1.0000 1.0000
vt 0.0000 1.0000
vt 0.0000 0.0000
vt 1.0000 0.0000
vt 1.0000 1.0000
vt 0.0000 1.0000
vt 0.0000 0.0000
vt 1.0000 0.0000
vt 1.0000 1.0000
vt 0.0000 1.0000
vt 0.0000 0.0000
vt 1.0000 0.0000
vt 1.0000 1.0000
vt 0.0000 1.0000
vt 0.0000 0.0000
vt 1.0000 0.0000
vt 1.0000 1.0000
vt 0.0000 1.0000
vt 0.0000 0.0000
vt 1.0000 0.0000
vt 1.0000 1.0000
vt 0.0000 1.0000
vt 0.0000 0.0000
vt 1.0000 0.0000
vt 1.0000 1.0000
vt 0.0000 1.0000
vt 0.0000 0.0000
vt 1.0000 0.0000
vt 1.0000 1.0000
vt 0.0000 1.0000
vt 0.0000 0.0000
vt 1.0000 0.0000
vt 1.0000 1.0000
vt 0.0000 1.0000
vt 0.0000 0.0000
vt 1.0000 0.0000
vt 1.0000 1.0000
vt 0.0000 1.0000
vt 0.0000 0.0000
vt 1.0000 0.0000
vt 1.0000 1.0000
vt 0.0000 1.0000
vt 0.0000 0.0000
vt 1.0000 0.0000
vt 1.0000 1.0000
vt 0.0000 1.0000
vt 0.0000 0.0000
vt 1.0000 0.0000
vt 1.0000 1.0000
vt 0.0000 1.0000
vt 0.0000 0.0000
vt 1.0000 0.0000
vt 1.0000 1.0000
vt 0.0000 1.0000
vt 0.0000 0.0000
vt 1.0000 0.0000
vt 1.0000 1.0000
vt 0.0000 1.0000
vt 0.0000 0.0000
vt 1.0000 0.0000
vt 1.0000 1.0000
vt 0.0000 1.0000
vt 0.0000 0.0000
vt 1.0000 0.0000
vt 1.0000 1.0000
vt 0.0000 1.0000
vt 0.0000 0.0000
vt 1.0000 0.0000
vt 1.0000 1.0000
vt 0.0000 1.0000
vt 0.0000 0.0000
vt 1.0000 0.0000
vt 1.0000 1.0000
vt 0.0000 1.0000
vt 0.0000 0.0000
vt 1.0000 0.0000
vt 1.0000 1.0000
vt 0.0000 1.0000
vt 0.0000 0.0000
vt 1.0000 0.0000
vt 1.0000 1.0000
vt 0.0000 1.0000
vt 0.0000 0.0000
vt 1.0000 0.0000
vt 1.0000 1.0000
vt 0.0000 1.0000
vt 0.0000 0.0000
vt 1.0000 0.0000
vt 1.0000 1.0000
vt 0.0000 1.0000
vt 0.0000 0.0000
vt 1.0000 0.0000
vt 1.0000 1.0000
vt 0.0000 1.0000
vt 0.0000 0.0000
vt 1.0000 0.0000
vt 1.0000 1.0000
vt 0.0000 1.0000
vt 0.0000 0.0000
vt 1.0000 0.0000
vt 1.0000 1.0000
vt 0.0000 1.0000
vt 0.0000 0.0000
vt 1.0000 0.0000
vt 1.0000 1.0000
vt 0.0000 1.0000
vt 0.0000 0.0000
vt 1.0000 0.0000
vt 1.0000 1.0000
vt 0.0000 1.0000
vt 0.0000 0.0000
vt 1.0000 0.0000
vt 1.0000 1.0000
vt 0.0000 1.0000
vt 0.0000 0.0000
vt 1.0000 0.0000
vt 1.0000 1.0000
vt 0.0000 1.0000
vt 0.0000 0.0000
vt 1.0000 0.0000
vt 1.0000 1.0000
vt 0.0000 1.0000
vt 0.0000 0.0000
vt 1.0000 0.0000
vt 1.0000 1.0000
vt 0.0000 1.0000
vt 0.0000 0.0000
vt 1.0000 0.0000
vt 1.0000 1.0000
vt 0.0000 1.0000
vt 0.0000 0.0000
vt 1.0000 0.0000
vt 1.0000 1.0000
vt 0.0000 1.0000
vt 0.0000 0.0000
vt 1.0000 0.0000
vt 1.0000 1.0000
vt 0.0000 1.0000
vt 0.0000 0.0000
vt 1.0000 0.0000
vt 1.0000 1.0000
vt 0.0000 1.0000
vt 0.0000 0.0000
vt 1.0000 0.0000
vt 1.0000 1.0000
vt 0.0000 1.0000
vt 0.0000 0.0000
vt 1.0000 0.0000
vt 1.0000 1.0000
vt 0.0000 1.0000
vt 0.0000 0.0000
vt 1.0000 0.0000
vt 1.0000 1.0000
vt 0.0000 1.0000
vt 0.0000 0.0000
vt 1.0000 0.0000
vt 1.0000 1.0000
vt 0.0000 1.0000
vt 0.0000 0.0000
vt 1.0000 0.0000
vt 1.0000 1.0000
vt 0.0000 1.0000
vt 0.0000 0.0000
vt 1.0000 0.0000
vt 1.0000 1.0000
vt 0.0000 1.0000
vt 0.0000 0.0000
vt 1.0000 0.0000
vt 1.0000 1.0000
vt 0.0000 1.0000
vt 0.0000 0.0000
vt 1.0000 0.0000
vt 1.0000 1.0000
vt 0.0000 1.0000
vt 0.0000 0.0000
vt 1.0000 0.0000
vt 1.0000 1.0000
vt 0.0000 1.0000
vt 0.0000 0.0000
vt 1.0000 0.0000
vt 1.0000 1.0000
vt 0.0000 1.0000
vt 0.0000 0.0000
vt 1.0000 0.0000
vt 1.0000 1.0000
vt 0.0000 1.0000
vt 0.0000 0.0000
vt 1.0000 0.0000
vt 1.0000 1.0000
vt 0.0000 1.0000
vt 0.0000 0.0000
vt 1.0000 0.0000
vt 1.0000 1.0000
vt 0.0000 1.0000
vt 0.0000 0.0000
vt 1.0000 0.0000
vt 1.0000 1.0000
vt 0.0000 1.0000
vt 0.0000 0.0000
vt 1.0000 0.0000
vt 1.0000 1.0000
vt 0.0000 1.0000
vt 0.0000 0.0000
vt 1.0000 0.0000
vt 1.0000 1.0000
vt 0.0000 1.0000
vt 0.0000 0.0000
vt 1.0000 0.0000
vt 1.0000 1.0000
vt 0.0000 1.0000
vt 0.0000 0.0000
vt 1.0000 0.0000
vt 1.0000 1.0000
vt 0.0000 1.0000
vt 0.0000 0.0000
vt 1.0000 0.0000
vt 1.0000 1.0000
vt 0.0000 1.0000
vt 0.0000 0.0000
vt 1.0000 0.0000
vt 1.0000 1.0000
vt 0.0000 1.0000
vt 0.0000 0.0000
vt 1.0000 0.0000
vt 1.0000 1.0000
vt 0.0000 1.0000
vt 0.0000 0.0000
vt 1.0000 0.0000
vt 1.0000 1.0000
vt 0.0000 1.0000
vt 0.0000 0.0000
vt 1.0000 0.0000
vt 1.0000 1.0000
vt 0.0000 1.0000
vt 0.0000 0.0000
vt 0.0000 0.0000
vt 0.0000 0.0000
vt 0.0000 0.0000
vt 1.0000 0.0000
vt 1.0000 1.0000
vt 0.0000 1.0000
vt 0.0000 0.0000
vt 1.0000 0.0000
vt 1.0000 1.0000
vt 0.0000 1.0000
vt 0.0000 0.0000
vt 1.0000 0.0000
vt 1.0000 1.0000
vt 0.0000 1.0000
vt 0.0000 0.0000
vt 1.0000 0.0000
vt 1.0000 1.0000
vt 0.0000 1.0000
vt 0.0000 0.0000
vt 1.0000 0.0000
vt 1.0000 1.0000
vt 0.0000 1.0000
vt 0.0000 0.0000
vt 1.0000 0.0000
vt 1.0000 1.0000
vt 0.0000 1.0000
vt 0.0000 0.0000
vt 1.0000 0.0000
vt 1.0000 1.0000
vt 0.0000 1.0000
vt 0.0000 0.0000
vt 0.0000 0.0000
vt 1.0000 0.0000
vt 1.0000 1.0000
vt 0.0000 1.0000
vt 0.0000 0.0000
vt 1.0000 0.0000
vt 1.0000 1.0000
vt 0.0000 1.0000
vt 0.0000 0.0000
vt 1.0000 0.0000
vt 1.0000 1.0000
vt 0.0000 1.0000
vt 0.0000 0.0000
vt 1.0000 0.0000
vt 1.0000 1.0000
vt 0.0000 1.0000
vt 0.0000 0.0000
vt 1.0000 0.0000
vt 1.0000 1.0000
vt 0.0000 1.0000
vt 0.0000 0.0000
vt 1.0000 0.0000
vt 1.0000 1.0000
vt 0.0000 1.0000
vt 0.0000 0.0000
vt 1.0000 0.0000
vt 1.0000 1.0000
vt 0.0000 1.0000
vt 0.0000 0.0000
vt 1.0000 0.0000
vt 1.0000 1.0000
vt 0.0000 1.0000
vt 0.0000 0.0000
vt 1.0000 0.0000
vt 1.0000 1.0000
vt 0.0000 1.0000
vt 0.0000 0.0000
vt 1.0000 0.0000
vt 1.0000 1.0000
vt 0.0000 1.0000
vt 0.0000 0.0000
vt 1.0000 0.0000
vt 1.0000 1.0000
vt 0.0000 1.0000
vt 0.0000 0.0000
vt 1.0000 0.0000
vt 1.0000 1.0000
vt 0.0000 1.0000
vt 0.0000 0.0000
vt 1.0000 0.0000
vt 1.0000 1.0000
vt 0.0000 1.0000
vt 0.0000 0.0000
vt 1.0000 0.0000
vt 1.0000 1.0000
vt 0.0000 1.0000
vt 0.0000 0.0000
vt 1.0000 0.0000
vt 1.0000 1.0000
vt 0.0000 1.0000
vt 0.0000 0.0000
vt 1.0000 0.0000
vt 1.0000 1.0000
vt 0.0000 1.0000
vt 0.0000 0.0000
vt 1.0000 0.0000
vt 1.0000 1.0000
vt 0.0000 1.0000
vt 0.0000 0.0000
vt 1.0000 0.0000
vt 1.0000 1.0000
vt 0.0000 1.0000
vt 0.0000 0.0000
vt 1.0000 0.0000
vt 1.0000 1.0000
vt 0.0000 1.0000
vt 0.0000 0.0000
vt 1.0000 0.0000
vt 1.0000 1.0000
vt 0.0000 1.0000
vt 0.0000 0.0000
vt 1.0000 0.0000
vt 1.0000 1.0000
vt 0.0000 1.0000
vt 0.0000 0.0000
vt 1.0000 0.0000
vt 1.0000 1.0000
vt 0.0000 1.0000
vt 0.0000 0.0000
vt 1.0000 0.0000
vt 1.0000 1.0000
vt 0.0000 1.0000
vt 0.0000 0.0000
vt 1.0000 0.0000
vt 1.0000 1.0000
vt 0.0000 1.0000
vt 0.0000 0.0000
vt 1.0000 0.0000
vt 1.0000 1.0000
vt 0.0000 1.0000
vt 0.0000 0.0000
vt 1.0000 0.0000
vt 1.0000 1.0000
vt 0.0000 1.0000
vt 0.0000 0.0000
vt 1.0000 0.0000
vt 1.0000 1.0000
vt 0.0000 1.0000
vt 0.0000 0.0000
vt 0.0000 0.0000
vt 0.0000 0.0000
vt 1.0000 0.0000
vt 1.0000 1.0000
vt 0.0000 1.0000
vt 0.0000 0.0000
vt 0.0000 0.0000
vt 0.0000 0.0000
vt 1.0000 0.0000
vt 1.0000 1.0000
vt 0.0000 1.0000
vt 0.0000 0.0000
vt 1.0000 0.0000
vt 1.0000 1.0000
vt 0.0000 1.0000
vt 0.0000 0.0000
vt 1.0000 0.0000
vt 1.0000 1.0000
vt 0.0000 1.0000
vt 0.0000 0.0000
vt 1.0000 0.0000
vt 1.0000 1.0000
vt 0.0000 1.0000
vt 0.0000 0.0000
vt 1.0000 0.0000
vt 1.0000 1.0000
vt 0.0000 1.0000
vt 0.0000 0.0000
vt 1.0000 0.0000
vt 1.0000 1.0000
vt 0.0000 1.0000
vt 0.0000 0.0000
vt 0.0000 0.0000
vt 1.0000 0.0000
vt 1.0000 1.0000
vt 0.0000 1.0000
vt 0.0000 0.0000
vt 1.0000 0.0000
vt 1.0000 1.0000
vt 0.0000 1.0000
vt 0.0000 0.0000
vt 1.0000 0.0000
vt 1.0000 1.0000
vt 0.0000 1.0000
vt 0.0000 0.0000
vt 1.0000 0.0000
vt 1.0000 1.0000
vt 0.0000 1.0000
vt 0.0000 0.0000
vt 1.0000 0.0000
vt 1.0000 1.0000
vt 0.0000 1.0000
vt 0.0000 0.0000
vt 0.0000 0.0000
vt 1.0000 0.0000
vt 1.0000 1.0000
vt 0.0000 1.0000
vt 0.0000 0.0000
vt 1.0000 0.0000
vt 1.0000 1.0000
vt 0.0000 1.0000
vt 0.0000 0.0000
vt 1.0000 0.0000
vt 1.0000 1.0000
vt 0.0000 1.0000
vt 0.0000 0.0000
vt 0.0000 0.0000
vt 0.0000 0.0000
vt 1.0000 0.0000
vt 1.0000 1.0000
vt 0.0000 1.0000
vt 0.0000 0.0000
vt 1.0000 0.0000
vt 1.0000 1.0000
vt 0.0000 1.0000
vt 0.0000 0.0000
vt 1.0000 0.0000
vt 1.0000 1.0000
vt 0.0000 1.0000
vt 0.0000 0.0000
vt 1.0000 0.0000
vt 1.0000 1.0000
vt 0.0000 1.0000

# Normals (947)
vn 0.0000 0.0000 1.0000
vn 0.0000 0.0000 -1.0000
vn 0.0000 1.0000 0.0000
vn 0.0000 -1.0000 0.0000
vn -1.0000 0.0000 0.0000
vn 1.0000 0.0000 0.0000
vn 0.0000 0.0000 1.0000
vn 0.0000 0.0000 -1.0000
vn 0.0000 1.0000 0.0000
vn 0.0000 -1.0000 0.0000
vn -1.0000 0.0000 0.0000
vn 1.0000 0.0000 0.0000
vn 0.0000 0.0000 1.0000
vn 0.0000 0.0000 -1.0000
vn 0.0000 1.0000 0.0000
vn 0.0000 -1.0000 0.0000
vn -1.0000 0.0000 0.0000
vn 1.0000 0.0000 0.0000
vn 0.0000 0.0000 1.0000
vn 0.0000 0.0000 -1.0000
vn 0.0000 1.0000 0.0000
vn 0.0000 -1.0000 0.0000
vn -1.0000 0.0000 0.0000
vn 1.0000 0.0000 0.0000
vn 0.0000 0.0000 1.0000
vn 0.0000 0.0000 -1.0000
vn 0.0000 1.0000 0.0000
vn 0.0000 -1.0000 0.0000
vn -1.0000 0.0000 0.0000
vn 1.0000 0.0000 0.0000
vn 0.0000 0.0000 1.0000
vn 0.0000 0.0000 -1.0000
vn 0.0000 1.0000 0.0000
vn 0.0000 -1.0000 0.0000
vn -1.0000 0.0000 0.0000
vn 1.0000 0.0000 0.0000
vn 0.0000 0.0000 1.0000
vn 0.0000 0.0000 -1.0000
vn 0.0000 1.0000 0.0000
vn 0.0000 -1.0000 0.0000
vn -1.0000 0.0000 0.0000
vn 1.0000 0.0000 0.0000
vn 0.0000 0.0000 1.0000
vn 0.0000 0.0000 -1.0000
vn 0.0000 1.0000 0.0000
vn 0.0000 -1.0000 0.0000
vn -1.0000 0.0000 0.0000
vn 1.0000 0.0000 0.0000
vn 0.0000 0.0000 1.0000
vn 0.0000 0.0000 -1.0000
vn 0.0000 1.0000 0.0000
vn 0.0000 -1.0000 0.0000
vn -1.0000 0.0000 0.0000
vn 1.0000 0.0000 0.0000
vn 0.0000 0.0000 1.0000
vn 0.0000 0.0000 -1.0000
vn 0.0000 1.0000 0.0000
vn 0.0000 -1.0000 0.0000
vn -1.0000 0.0000 0.0000
vn 1.0000 0.0000 0.0000
vn 0.0000 0.0000 1.0000
vn 0.0000 0.0000 -1.0000
vn 0.0000 1.0000 0.0000
vn 0.0000 -1.0000 0.0000
vn -1.0000 0.0000 0.0000
vn 1.0000 0.0000 0.0000
vn 0.0000 0.0000 1.0000
vn 0.0000 0.0000 -1.0000
vn 0.0000 1.0000 0.0000
vn 0.0000 -1.0000 0.0000
vn -1.0000 0.0000 0.0000
vn 1.0000 0.0000 0.0000
vn 0.0000 0.0000 1.0000
vn 0.0000 0.0000 -1.0000
vn 0.0000 1.0000 0.0000
vn 0.0000 -1.0000 0.0000
vn -1.0000 0.0000 0.0000
vn 1.0000 0.0000 0.0000
vn 0.0000 0.0000 1.0000
vn 0.0000 0.0000 -1.0000
vn 0.0000 1.0000 0.0000
vn 0.0000 -1.0000 0.0000
vn -1.0000 0.0000 0.0000
vn 1.0000 0.0000 0.0000
vn 0.0000 0.0000 1.0000
vn 0.0000 0.0000 -1.0000
vn 0.0000 1.0000 0.0000
vn 0.0000 -1.0000 0.0000
vn -1.0000 0.0000 0.0000
vn 1.0000 0.0000 0.0000
vn 0.0000 0.0000 1.0000
vn 0.0000 0.0000 -1.0000
vn 0.0000 1.0000 0.0000
vn 0.0000 -1.0000 0.0000
vn -1.0000 0.0000 0.0000
vn 1.0000 0.0000 0.0000
vn 0.0000 0.0000 1.0000
vn 0.0000 0.0000 -1.0000
vn 0.0000 1.0000 0.0000
vn 0.0000 -1.0000 0.0000
vn -1.0000 0.0000 0.0000
vn 1.0000 0.0000 0.0000
vn 0.0000 0.0000 1.0000
vn 0.0000 0.0000 -1.0000
vn 0.0000 1.0000 0.0000
vn 0.0000 -1.0000 0.0000
vn -1.0000 0.0000 0.0000
vn 1.0000 0.0000 0.0000
vn 0.0000 0.0000 1.0000
vn 0.0000 0.0000 -1.0000
vn 0.0000 1.0000 0.0000
vn 0.0000 -1.0000 0.0000
vn -1.0000 0.0000 0.0000
vn 1.0000 0.0000 0.0000
vn 0.0000 0.0000 1.0000
vn 0.0000 0.0000 -1.0000
vn 0.0000 1.0000 0.0000
vn 0.0000 -1.0000 0.0000
vn -1.0000 0.0000 0.0000
vn 1.0000 0.0000 0.0000
vn 0.0000 0.0000 1.0000
vn 0.0000 0.0000 -1.0000
vn 0.0000 1.0000 0.0000
vn 0.0000 -1.0000 0.0000
vn -1.0000 0.0000 0.0000
vn 1.0000 0.0000 0.0000
vn 0.0000 0.0000 1.0000
vn 0.0000 0.0000 -1.0000
vn 0.0000 1.0000 0.0000
vn 0.0000 -1.0000 0.0000
vn -1.0000 0.0000 0.0000
vn 1.0000 0.0000 0.0000
vn 0.0000 0.0000 1.0000
vn 0.0000 0.0000 -1.0000
vn 0.0000 1.0000 0.0000
vn 0.0000 -1.0000 0.0000
vn -1.0000 0.0000 0.0000
vn 1.0000 0.0000 0.0000
vn 0.0000 0.0000 1.0000
vn 0.0000 0.0000 -1.0000
vn 0.0000 1.0000 0.0000
vn 0.0000 -1.0000 0.0000
vn -1.0000 0.0000 0.0000
vn 1.0000 0.0000 0.0000
vn 0.0000 0.0000 1.0000
vn 0.0000 0.0000 -1.0000
vn 0.0000 1.0000 0.0000
vn 0.0000 -1.0000 0.0000
vn -1.0000 0.0000 0.0000
vn 1.0000 0.0000 0.0000
vn 0.0000 0.0000 1.0000
vn 0.0000 0.0000 -1.0000
vn 0.0000 1.0000 0.0000
vn 0.0000 -1.0000 0.0000
vn -1.0000 0.0000 0.0000
vn 1.0000 0.0000 0.0000
vn 0.0000 0.0000 1.0000
vn 0.0000 0.0000 -1.0000
vn 0.0000 1.0000 0.0000
vn 0.0000 -1.0000 0.0000
vn -1.0000 0.0000 0.0000
vn 1.0000 0.0000 0.0000
vn 0.0000 0.0000 1.0000
vn 0.0000 0.0000 -1.0000
vn 0.0000 1.0000 0.0000
vn 0.0000 -1.0000 0.0000
vn -1.0000 0.0000 0.0000
vn 1.0000 0.0000 0.0000
vn 0.0000 0.0000 1.0000
vn 0.0000 0.0000 -1.0000
vn 0.0000 1.0000 0.0000
vn 0.0000 -1.0000 0.0000
vn -1.0000 0.0000 0.0000
vn 1.0000 0.0000 0.0000
vn 0.0000 0.0000 1.0000
vn 0.0000 0.0000 -1.0000
vn 0.0000 1.0000 0.0000
vn 0.0000 -1.0000 0.0000
vn -1.0000 0.0000 0.0000
vn 1.0000 0.0000 0.0000
vn 0.0000 0.0000 1.0000
vn 0.0000 0.0000 -1.0000
vn 0.0000 1.0000 0.0000
vn 0.0000 -1.0000 0.0000
vn -1.0000 0.0000 0.0000
vn 1.0000 0.0000 0.0000
vn 0.0000 0.0000 1.0000
vn 0.0000 0.0000 -1.0000
vn 0.0000 1.0000 0.0000
vn 0.0000 -1.0000 0.0000
vn -1.0000 0.0000 0.0000
vn 1.0000 0.0000 0.0000
vn 0.0000 0.0000 1.0000
vn 0.0000 0.0000 -1.0000
vn 0.0000 1.0000 0.0000
vn 0.0000 -1.0000 0.0000
vn -1.0000 0.0000 0.0000
vn 1.0000 0.0000 0.0000
vn 0.0000 0.0000 1.0000
vn 0.0000 0.0000 -1.0000
vn 0.0000 1.0000 0.0000
vn 0.0000 -1.0000 0.0000
vn -1.0000 0.0000 0.0000
vn 1.0000 0.0000 0.0000
vn 0.0000 0.0000 1.0000
vn 0.0000 0.0000 -1.0000
vn 0.0000 1.0000 0.0000
vn 0.0000 -1.0000 0.0000
vn -1.0000 0.0000 0.0000
vn 1.0000 0.0000 0.0000
vn 0.0000 0.0000 1.0000
vn 0.0000 0.0000 -1.0000
vn 0.0000 1.0000 0.0000
vn 0.0000 -1.0000 0.0000
vn -1.0000 0.0000 0.0000
vn 1.0000 0.0000 0.0000
vn 0.0000 0.0000 1.0000
vn 0.0000 0.0000 -1.0000
vn 0.0000 1.0000 0.0000
vn 0.0000 -1.0000 0.0000
vn -1.0000 0.0000 0.0000
vn 1.0000 0.0000 0.0000
vn 0.0000 0.0000 1.0000
vn 0.0000 0.0000 -1.0000
vn 0.0000 1.0000 0.0000
vn 0.0000 -1.0000 0.0000
vn -1.0000 0.0000 0.0000
vn 1.0000 0.0000 0.0000
vn 0.0000 0.0000 1.0000
vn 0.0000 0.0000 -1.0000
vn 0.0000 1.0000 0.0000
vn 0.0000 -1.0000 0.0000
vn -1.0000 0.0000 0.0000
vn 1.0000 0.0000 0.0000
vn 0.0000 0.0000 1.0000
vn 0.0000 0.0000 -1.0000
vn 0.0000 1.0000 0.0000
vn 0.0000 -1.0000 0.0000
vn -1.0000 0.0000 0.0000
vn 1.0000 0.0000 0.0000
vn 0.0000 0.0000 1.0000
vn 0.0000 0.0000 -1.0000
vn 0.0000 1.0000 0.0000
vn 0.0000 -1.0000 0.0000
vn -1.0000 0.0000 0.0000
vn 1.0000 0.0000 0.0000
vn 0.0000 0.0000 1.0000
vn 0.0000 0.0000 -1.0000
vn 0.0000 1.0000 0.0000
vn 0.0000 -1.0000 0.0000
vn -1.0000 0.0000 0.0000
vn 1.0000 0.0000 0.0000
vn 0.0000 0.0000 1.0000
vn 0.0000 0.0000 -1.0000
vn 0.0000 1.0000 0.0000
vn 0.0000 -1.0000 0.0000
vn -1.0000 0.0000 0.0000
vn 1.0000 0.0000 0.0000
vn 0.0000 0.0000 1.0000
vn 0.0000 0.0000 -1.0000
vn 0.0000 1.0000 0.0000
vn 0.0000 -1.0000 0.0000
vn -1.0000 0.0000 0.0000
vn 1.0000 0.0000 0.0000
vn 0.0000 0.0000 1.0000
vn 0.0000 0.0000 -1.0000
vn 0.0000 1.0000 0.0000
vn 0.0000 -1.0000 0.0000
vn -1.0000 0.0000 0.0000
vn 1.0000 0.0000 0.0000
vn 0.0000 0.0000 1.0000
vn 0.0000 0.0000 -1.0000
vn 0.0000 1.0000 0.0000
vn 0.0000 -1.0000 0.0000
vn -1.0000 0.0000 0.0000
vn 1.0000 0.0000 0.0000
vn 0.0000 0.0000 1.0000
vn 0.0000 0.0000 -1.0000
vn 0.0000 1.0000 0.0000
vn 0.0000 -1.0000 0.0000
vn -1.0000 0.0000 0.0000
vn 1.0000 0.0000 0.0000
vn 0.0000 0.0000 1.0000
vn 0.0000 0.0000 -1.0000
vn 0.0000 1.0000 0.0000
vn 0.0000 -1.0000 0.0000
vn -1.0000 0.0000 0.0000
vn 1.0000 0.0000 0.0000
vn 0.0000 0.0000 1.0000
vn 0.0000 0.0000 -1.0000
vn 0.0000 1.0000 0.0000
vn 0.0000 -1.0000 0.0000
vn -1.0000 0.0000 0.0000
vn 1.0000 0.0000 0.0000
vn 0.0000 0.0000 1.0000
vn 0.0000 0.0000 -1.0000
vn 0.0000 1.0000 0.0000
vn 0.0000 -1.0000 0.0000
vn -1.0000 0.0000 0.0000
vn 1.0000 0.0000 0.0000
vn 0.0000 0.0000 1.0000
vn 0.0000 0.0000 -1.0000
vn 0.0000 1.0000 0.0000
vn 0.0000 -1.0000 0.0000
vn -1.0000 0.0000 0.0000
vn 1.0000 0.0000 0.0000
vn 0.0000 0.0000 1.0000
vn 0.0000 0.0000 -1.0000
vn 0.0000 1.0000 0.0000
vn 0.0000 -1.0000 0.0000
vn -1.0000 0.0000 0.0000
vn 1.0000 0.0000 0.0000
vn 0.0000 0.0000 1.0000
vn 0.0000 0.0000 -1.0000
vn 0.0000 1.0000 0.0000
vn 0.0000 -1.0000 0.0000
vn -1.0000 0.0000 0.0000
vn 1.0000 0.0000 0.0000
vn 0.0000 0.0000 1.0000
vn 0.0000 0.0000 -1.0000
vn 0.0000 1.0000 0.0000
vn 0.0000 -1.0000 0.0000
vn -1.0000 0.0000 0.0000
vn 1.0000 0.0000 0.0000
vn 0.0000 0.0000 1.0000
vn 0.0000 0.0000 -1.0000
vn 0.0000 1.0000 0.0000
vn 0.0000 -1.0000 0.0000
vn -1.0000 0.0000 0.0000
vn 1.0000 0.0000 0.0000
vn 0.0000 0.0000 1.0000
vn 0.0000 0.0000 -1.0000
vn 0.0000 1.0000 0.0000
vn 0.0000 -1.0000 0.0000
vn -1.0000 0.0000 0.0000
vn 1.0000 0.0000 0.0000
vn 0.0000 0.0000 1.0000
vn 0.0000 0.0000 -1.0000
vn 0.0000 1.0000 0.0000
vn 0.0000 -1.0000 0.0000
vn -1.0000 0.0000 0.0000
vn 1.0000 0.0000 0.0000
vn 0.0000 0.0000 1.0000
vn 0.0000 0.0000 -1.0000
vn 0.0000 1.0000 0.0000
vn 0.0000 -1.0000 0.0000
vn -1.0000 0.0000 0.0000
vn 1.0000 0.0000 0.0000
vn 0.0000 0.0000 1.0000
vn 0.0000 0.0000 -1.0000
vn 0.0000 1.0000 0.0000
vn 0.0000 -1.0000 0.0000
vn -1.0000 0.0000 0.0000
vn 1.0000 0.0000 0.0000
vn 0.0000 0.0000 1.0000
vn 0.0000 0.0000 -1.0000
vn 0.0000 1.0000 0.0000
vn 0.0000 -1.0000 0.0000
vn -1.0000 0.0000 0.0000
vn 1.0000 0.0000 0.0000
vn 0.0000 0.0000 1.0000
vn 0.0000 0.0000 -1.0000
vn 0.0000 1.0000 0.0000
vn 0.0000 -1.0000 0.0000
vn -1.0000 0.0000 0.0000
vn 1.0000 0.0000 0.0000
vn 0.0000 0.0000 1.0000
vn 0.0000 0.0000 -1.0000
vn 0.0000 1.0000 0.0000
vn 0.0000 -1.0000 0.0000
vn -1.0000 0.0000 0.0000
vn 1.0000 0.0000 0.0000
vn 0.0000 0.0000 1.0000
vn 0.0000 0.0000 -1.0000
vn 0.0000 1.0000 0.0000
vn 0.0000 -1.0000 0.0000
vn -1.0000 0.0000 0.0000
vn 1.0000 0.0000 0.0000
vn 0.0000 0.0000 1.0000
vn 0.0000 0.0000 -1.0000
vn 0.0000 1.0000 0.0000
vn 0.0000 -1.0000 0.0000
vn -1.0000 0.0000 0.0000
vn 1.0000 0.0000 0.0000
vn 0.0000 0.0000 1.0000
vn 0.0000 0.0000 -1.0000
vn 0.0000 1.0000 0.0000
vn 0.0000 -1.0000 0.0000
vn -1.0000 0.0000 0.0000
vn 1.0000 0.0000 0.0000
vn 0.0000 0.0000 1.0000
vn 0.0000 0.0000 -1.0000
vn 0.0000 1.0000 0.0000
vn 0.0000 -1.0000 0.0000
vn -1.0000 0.0000 0.0000
vn 1.0000 0.0000 0.0000
vn 0.0000 0.0000 1.0000
vn 0.0000 0.0000 -1.0000
vn 0.0000 1.0000 0.0000
vn 0.0000 -1.0000 0.0000
vn -1.0000 0.0000 0.0000
vn 1.0000 0.0000 0.0000
vn 0.0000 0.0000 1.0000
vn 0.0000 0.0000 -1.0000
vn 0.0000 1.0000 0.0000
vn 0.0000 -1.0000 0.0000
vn -1.0000 0.0000 0.0000
vn 1.0000 0.0000 0.0000
vn 0.0000 0.0000 1.0000
vn 0.0000 0.0000 -1.0000
vn 0.0000 1.0000 0.0000
vn 0.0000 -1.0000 0.0000
vn -1.0000 0.0000 0.0000
vn 1.0000 0.0000 0.0000
vn 0.0000 0.0000 1.0000
vn 0.0000 0.0000 -1.0000
vn 0.0000 1.0000 0.0000
vn 0.0000 -1.0000 0.0000
vn -1.0000 0.0000 0.0000
vn 1.0000 0.0000 0.0000
vn 0.0000 0.0000 1.0000
vn 0.0000 0.0000 -1.0000
vn 0.0000 1.0000 0.0000
vn 0.0000 -1.0000 0.0000
vn -1.0000 0.0000 0.0000
vn 1.0000 0.0000 0.0000
vn 0.0000 0.0000 1.0000
vn 0.0000 0.0000 -1.0000
vn 0.0000 1.0000 0.0000
vn 0.0000 -1.0000 0.0000
vn -1.0000 0.0000 0.0000
vn 1.0000 0.0000 0.0000
vn 0.0000 0.0000 1.0000
vn 0.0000 0.0000 -1.0000
vn 0.0000 1.0000 0.0000
vn 0.0000 -1.0000 0.0000
vn -1.0000 0.0000 0.0000
vn 1.0000 0.0000 0.0000
vn 0.0000 0.0000 1.0000
vn 0.0000 0.0000 -1.0000
vn 0.0000 1.0000 0.0000
vn 0.0000 -1.0000 0.0000
vn -1.0000 0.0000 0.0000
vn 1.0000 0.0000 0.0000
vn 0.0000 0.0000 1.0000
vn 0.0000 0.0000 -1.0000
vn 0.0000 1.0000 0.0000
vn 0.0000 -1.0000 0.0000
vn -1.0000 0.0000 0.0000
vn 1.0000 0.0000 0.0000
vn 0.0000 0.0000 1.0000
vn 0.0000 0.0000 -1.0000
vn 0.0000 1.0000 0.0000
vn 0.0000 -1.0000 0.0000
vn -1.0000 0.0000 0.0000
vn 1.0000 0.0000 0.0000
vn 0.0000 0.0000 1.0000
vn 0.0000 0.0000 -1.0000
vn 0.0000 1.0000 0.0000
vn 0.0000 -1.0000 0.0000
vn -1.0000 0.0000 0.0000
vn 1.0000 0.0000 0.0000
vn 0.0000 0.0000 1.0000
vn 0.0000 0.0000 -1.0000
vn 0.0000 1.0000 0.0000
vn 0.0000 -1.0000 0.0000
vn -1.0000 0.0000 0.0000
vn 1.0000 0.0000 0.0000
vn 0.0000 0.0000 1.0000
vn 0.0000 0.0000 -1.0000
vn 0.0000 1.0000 0.0000
vn 0.0000 -1.0000 0.0000
vn -1.0000 0.0000 0.0000
vn 1.0000 0.0000 0.0000
vn 0.0000 0.0000 1.0000
vn 0.0000 0.0000 -1.0000
vn 0.0000 1.0000 0.0000
vn 0.0000 -1.0000 0.0000
vn -1.0000 0.0000 0.0000
vn 1.0000 0.0000 0.0000
vn 0.0000 0.0000 1.0000
vn 0.0000 0.0000 -1.0000
vn 0.0000 1.0000 0.0000
vn 0.0000 -1.0000 0.0000
vn -1.0000 0.0000 0.0000
vn 1.0000 0.0000 0.0000
vn 1.0000 0.0000 0.0000
vn 0.8660 0.0000 0.5000
vn 0.5000 0.0000 0.8660
vn 0.0000 0.0000 1.0000
vn -0.5000 0.0000 0.8660
vn -0.8660 0.0000 0.5000
vn -1.0000 0.0000 0.0000
vn -0.8660 0.0000 -0.5000
vn -0.5000 0.0000 -0.8660
vn -0.0000 0.0000 -1.0000
vn 0.5000 0.0000 -0.8660
vn 0.8660 0.0000 -0.5000
vn 0.0000 1.0000 0.0000
vn 0.0000 -1.0000 0.0000
vn 1.0000 0.0000 0.0000
vn 0.7071 0.0000 0.7071
vn 0.0000 0.0000 1.0000
vn -0.7071 0.0000 0.7071
vn -1.0000 0.0000 0.0000
vn -0.7071 0.0000 -0.7071
vn -0.0000 0.0000 -1.0000
vn 0.7071 0.0000 -0.7071
vn 0.0000 1.0000 0.0000
vn 0.0000 -1.0000 0.0000
vn 1.0000 0.0000 0.0000
vn 0.8660 0.0000 0.5000
vn 0.5000 0.0000 0.8660
vn 0.0000 0.0000 1.0000
vn -0.5000 0.0000 0.8660
vn -0.8660 0.0000 0.5000
vn -1.0000 0.0000 0.0000
vn -0.8660 0.0000 -0.5000
vn -0.5000 0.0000 -0.8660
vn -0.0000 0.0000 -1.0000
vn 0.5000 0.0000 -0.8660
vn 0.8660 0.0000 -0.5000
vn 0.0000 1.0000 0.0000
vn 0.0000 -1.0000 0.0000
vn 0.0000 0.0000 1.0000
vn 0.0000 0.0000 -1.0000
vn 0.0000 1.0000 0.0000
vn 0.0000 -1.0000 0.0000
vn -1.0000 0.0000 0.0000
vn 1.0000 0.0000 0.0000
vn 0.0000 0.0000 1.0000
vn 0.0000 0.0000 -1.0000
vn 0.0000 1.0000 0.0000
vn 0.0000 -1.0000 0.0000
vn -1.0000 0.0000 0.0000
vn 1.0000 0.0000 0.0000
vn 0.0000 0.0000 1.0000
vn 0.0000 0.0000 -1.0000
vn 0.0000 1.0000 0.0000
vn 0.0000 -1.0000 0.0000
vn -1.0000 0.0000 0.0000
vn 1.0000 0.0000 0.0000
vn 0.0000 0.0000 1.0000
vn 0.0000 0.0000 -1.0000
vn 0.0000 1.0000 0.0000
vn 0.0000 -1.0000 0.0000
vn -1.0000 0.0000 0.0000
vn 1.0000 0.0000 0.0000
vn 0.0000 0.0000 1.0000
vn 0.0000 0.0000 -1.0000
vn 0.0000 1.0000 0.0000
vn 0.0000 -1.0000 0.0000
vn -1.0000 0.0000 0.0000
vn 1.0000 0.0000 0.0000
vn 0.0000 0.0000 1.0000
vn 0.0000 0.0000 -1.0000
vn 0.0000 1.0000 0.0000
vn 0.0000 -1.0000 0.0000
vn -1.0000 0.0000 0.0000
vn 1.0000 0.0000 0.0000
vn 0.0000 0.0000 1.0000
vn 0.0000 0.0000 -1.0000
vn 0.0000 1.0000 0.0000
vn 0.0000 -1.0000 0.0000
vn -1.0000 0.0000 0.0000
vn 1.0000 0.0000 0.0000
vn 1.0000 0.0000 0.0000
vn 0.7071 0.0000 0.7071
vn 0.0000 0.0000 1.0000
vn -0.7071 0.0000 0.7071
vn -1.0000 0.0000 0.0000
vn -0.7071 0.0000 -0.7071
vn -0.0000 0.0000 -1.0000
vn 0.7071 0.0000 -0.7071
vn 0.0000 1.0000 0.0000
vn 0.0000 -1.0000 0.0000
vn 0.0000 0.0000 1.0000
vn 0.0000 0.0000 -1.0000
vn 0.0000 1.0000 0.0000
vn 0.0000 -1.0000 0.0000
vn -1.0000 0.0000 0.0000
vn 1.0000 0.0000 0.0000
vn 0.0000 0.0000 1.0000
vn 0.0000 0.0000 -1.0000
vn 0.0000 1.0000 0.0000
vn 0.0000 -1.0000 0.0000
vn -1.0000 0.0000 0.0000
vn 1.0000 0.0000 0.0000
vn 0.0000 0.0000 1.0000
vn 0.0000 0.0000 -1.0000
vn 0.0000 1.0000 0.0000
vn 0.0000 -1.0000 0.0000
vn -1.0000 0.0000 0.0000
vn 1.0000 0.0000 0.0000
vn 0.0000 0.0000 1.0000
vn 0.0000 0.0000 -1.0000
vn 0.0000 1.0000 0.0000
vn 0.0000 -1.0000 0.0000
vn -1.0000 0.0000 0.0000
vn 1.0000 0.0000 0.0000
vn 0.0000 0.0000 1.0000
vn 0.0000 0.0000 -1.0000
vn 0.0000 1.0000 0.0000
vn 0.0000 -1.0000 0.0000
vn -1.0000 0.0000 0.0000
vn 1.0000 0.0000 0.0000
vn 0.0000 0.0000 1.0000
vn 0.0000 0.0000 -1.0000
vn 0.0000 1.0000 0.0000
vn 0.0000 -1.0000 0.0000
vn -1.0000 0.0000 0.0000
vn 1.0000 0.0000 0.0000
vn 0.0000 0.0000 1.0000
vn 0.0000 0.0000 -1.0000
vn 0.0000 1.0000 0.0000
vn 0.0000 -1.0000 0.0000
vn -1.0000 0.0000 0.0000
vn 1.0000 0.0000 0.0000
vn 0.0000 0.0000 1.0000
vn 0.0000 0.0000 -1.0000
vn 0.0000 1.0000 0.0000
vn 0.0000 -1.0000 0.0000
vn -1.0000 0.0000 0.0000
vn 1.0000 0.0000 0.0000
vn 0.0000 0.0000 1.0000
vn 0.0000 0.0000 -1.0000
vn 0.0000 1.0000 0.0000
vn 0.0000 -1.0000 0.0000
vn -1.0000 0.0000 0.0000
vn 1.0000 0.0000 0.0000
vn 0.0000 0.0000 1.0000
vn 0.0000 0.0000 -1.0000
vn 0.0000 1.0000 0.0000
vn 0.0000 -1.0000 0.0000
vn -1.0000 0.0000 0.0000
vn 1.0000 0.0000 0.0000
vn 0.0000 0.0000 1.0000
vn 0.0000 0.0000 -1.0000
vn 0.0000 1.0000 0.0000
vn 0.0000 -1.0000 0.0000
vn -1.0000 0.0000 0.0000
vn 1.0000 0.0000 0.0000
vn 0.0000 0.0000 1.0000
vn 0.0000 0.0000 -1.0000
vn 0.0000 1.0000 0.0000
vn 0.0000 -1.0000 0.0000
vn -1.0000 0.0000 0.0000
vn 1.0000 0.0000 0.0000
vn 0.0000 0.0000 1.0000
vn 0.0000 0.0000 -1.0000
vn 0.0000 1.0000 0.0000
vn 0.0000 -1.0000 0.0000
vn -1.0000 0.0000 0.0000
vn 1.0000 0.0000 0.0000
vn 0.0000 0.0000 1.0000
vn 0.0000 0.0000 -1.0000
vn 0.0000 1.0000 0.0000
vn 0.0000 -1.0000 0.0000
vn -1.0000 0.0000 0.0000
vn 1.0000 0.0000 0.0000
vn 0.0000 0.0000 1.0000
vn 0.0000 0.0000 -1.0000
vn 0.0000 1.0000 0.0000
vn 0.0000 -1.0000 0.0000
vn -1.0000 0.0000 0.0000
vn 1.0000 0.0000 0.0000
vn 0.0000 0.0000 1.0000
vn 0.0000 0.0000 -1.0000
vn 0.0000 1.0000 0.0000
vn 0.0000 -1.0000 0.0000
vn -1.0000 0.0000 0.0000
vn 1.0000 0.0000 0.0000
vn 0.0000 0.0000 1.0000
vn 0.0000 0.0000 -1.0000
vn 0.0000 1.0000 0.0000
vn 0.0000 -1.0000 0.0000
vn -1.0000 0.0000 0.0000
vn 1.0000 0.0000 0.0000
vn 0.0000 0.0000 1.0000
vn 0.0000 0.0000 -1.0000
vn 0.0000 1.0000 0.0000
vn 0.0000 -1.0000 0.0000
vn -1.0000 0.0000 0.0000
vn 1.0000 0.0000 0.0000
vn 0.0000 0.0000 1.0000
vn 0.0000 0.0000 -1.0000
vn 0.0000 1.0000 0.0000
vn 0.0000 -1.0000 0.0000
vn -1.0000 0.0000 0.0000
vn 1.0000 0.0000 0.0000
vn 0.0000 0.0000 1.0000
vn 0.0000 0.0000 -1.0000
vn 0.0000 1.0000 0.0000
vn 0.0000 -1.0000 0.0000
vn -1.0000 0.0000 0.0000
vn 1.0000 0.0000 0.0000
vn 0.0000 0.0000 1.0000
vn 0.0000 0.0000 -1.0000
vn 0.0000 1.0000 0.0000
vn 0.0000 -1.0000 0.0000
vn -1.0000 0.0000 0.0000
vn 1.0000 0.0000 0.0000
vn 0.0000 0.0000 1.0000
vn 0.0000 0.0000 -1.0000
vn 0.0000 1.0000 0.0000
vn 0.0000 -1.0000 0.0000
vn -1.0000 0.0000 0.0000
vn 1.0000 0.0000 0.0000
vn 0.0000 0.0000 1.0000
vn 0.0000 0.0000 -1.0000
vn 0.0000 1.0000 0.0000
vn 0.0000 -1.0000 0.0000
vn -1.0000 0.0000 0.0000
vn 1.0000 0.0000 0.0000
vn 0.0000 0.0000 1.0000
vn 0.0000 0.0000 -1.0000
vn 0.0000 1.0000 0.0000
vn 0.0000 -1.0000 0.0000
vn -1.0000 0.0000 0.0000
vn 1.0000 0.0000 0.0000
vn 0.0000 0.0000 1.0000
vn 0.0000 0.0000 -1.0000
vn 0.0000 1.0000 0.0000
vn 0.0000 -1.0000 0.0000
vn -1.0000 0.0000 0.0000
vn 1.0000 0.0000 0.0000
vn 0.0000 0.0000 1.0000
vn 0.0000 0.0000 -1.0000
vn 0.0000 1.0000 0.0000
vn 0.0000 -1.0000 0.0000
vn -1.0000 0.0000 0.0000
vn 1.0000 0.0000 0.0000
vn 0.0000 0.0000 1.0000
vn 0.0000 0.0000 -1.0000
vn 0.0000 1.0000 0.0000
vn 0.0000 -1.0000 0.0000
vn -1.0000 0.0000 0.0000
vn 1.0000 0.0000 0.0000
vn 1.0000 0.0000 0.0000
vn 0.8090 0.0000 0.5878
vn 0.3090 0.0000 0.9511
vn -0.3090 0.0000 0.9511
vn -0.8090 0.0000 0.5878
vn -1.0000 0.0000 0.0000
vn -0.8090 0.0000 -0.5878
vn -0.3090 0.0000 -0.9511
vn 0.3090 0.0000 -0.9511
vn 0.8090 0.0000 -0.5878
vn 0.0000 1.0000 0.0000
vn 0.0000 -1.0000 0.0000
vn 1.0000 0.0000 0.0000
vn 0.8660 0.0000 0.5000
vn 0.5000 0.0000 0.8660
vn 0.0000 0.0000 1.0000
vn -0.5000 0.0000 0.8660
vn -0.8660 0.0000 0.5000
vn -1.0000 0.0000 0.0000
vn -0.8660 0.0000 -0.5000
vn -0.5000 0.0000 -0.8660
vn -0.0000 0.0000 -1.0000
vn 0.5000 0.0000 -0.8660
vn 0.8660 0.0000 -0.5000
vn 0.0000 1.0000 0.0000
vn 0.0000 -1.0000 0.0000
vn 0.0000 0.0000 1.0000
vn 0.0000 0.0000 -1.0000
vn 0.0000 1.0000 0.0000
vn 0.0000 -1.0000 0.0000
vn -1.0000 0.0000 0.0000
vn 1.0000 0.0000 0.0000
vn 1.0000 0.0000 0.0000
vn 0.8090 0.0000 0.5878
vn 0.3090 0.0000 0.9511
vn -0.3090 0.0000 0.9511
vn -0.8090 0.0000 0.5878
vn -1.0000 0.0000 0.0000
vn -0.8090 0.0000 -0.5878
vn -0.3090 0.0000 -0.9511
vn 0.3090 0.0000 -0.9511
vn 0.8090 0.0000 -0.5878
vn 0.0000 1.0000 0.0000
vn 0.0000 -1.0000 0.0000
vn 1.0000 0.0000 0.0000
vn 0.8660 0.0000 0.5000
vn 0.5000 0.0000 0.8660
vn 0.0000 0.0000 1.0000
vn -0.5000 0.0000 0.8660
vn -0.8660 0.0000 0.5000
vn -1.0000 0.0000 0.0000
vn -0.8660 0.0000 -0.5000
vn -0.5000 0.0000 -0.8660
vn -0.0000 0.0000 -1.0000
vn 0.5000 0.0000 -0.8660
vn 0.8660 0.0000 -0.5000
vn 0.0000 1.0000 0.0000
vn 0.0000 -1.0000 0.0000
vn 0.0000 0.0000 1.0000
vn 0.0000 0.0000 -1.0000
vn 0.0000 1.0000 0.0000
vn 0.0000 -1.0000 0.0000
vn -1.0000 0.0000 0.0000
vn 1.0000 0.0000 0.0000
vn 0.0000 0.0000 1.0000
vn 0.0000 0.0000 -1.0000
vn 0.0000 1.0000 0.0000
vn 0.0000 -1.0000 0.0000
vn -1.0000 0.0000 0.0000
vn 1.0000 0.0000 0.0000
vn 0.0000 0.0000 1.0000
vn 0.0000 0.0000 -1.0000
vn 0.0000 1.0000 0.0000
vn 0.0000 -1.0000 0.0000
vn -1.0000 0.0000 0.0000
vn 1.0000 0.0000 0.0000
vn 0.0000 0.0000 1.0000
vn 0.0000 0.0000 -1.0000
vn 0.0000 1.0000 0.0000
vn 0.0000 -1.0000 0.0000
vn -1.0000 0.0000 0.0000
vn 1.0000 0.0000 0.0000
vn 0.0000 0.0000 1.0000
vn 0.0000 0.0000 -1.0000
vn 0.0000 1.0000 0.0000
vn 0.0000 -1.0000 0.0000
vn -1.0000 0.0000 0.0000
vn 1.0000 0.0000 0.0000
vn 0.0000 0.0000 1.0000
vn 0.0000 0.0000 -1.0000
vn 0.0000 1.0000 0.0000
vn 0.0000 -1.0000 0.0000
vn -1.0000 0.0000 0.0000
vn 1.0000 0.0000 0.0000
vn 1.0000 0.0000 0.0000
vn 0.7071 0.0000 0.7071
vn 0.0000 0.0000 1.0000
vn -0.7071 0.0000 0.7071
vn -1.0000 0.0000 0.0000
vn -0.7071 0.0000 -0.7071
vn -0.0000 0.0000 -1.0000
vn 0.7071 0.0000 -0.7071
vn 0.0000 1.0000 0.0000
vn 0.0000 -1.0000 0.0000
vn 0.0000 0.0000 1.0000
vn 0.0000 0.0000 -1.0000
vn 0.0000 1.0000 0.0000
vn 0.0000 -1.0000 0.0000
vn -1.0000 0.0000 0.0000
vn 1.0000 0.0000 0.0000
vn 0.0000 0.0000 1.0000
vn 0.0000 0.0000 -1.0000
vn 0.0000 1.0000 0.0000
vn 0.0000 -1.0000 0.0000
vn -1.0000 0.0000 0.0000
vn 1.0000 0.0000 0.0000
vn 0.0000 0.0000 1.0000
vn 0.0000 0.0000 -1.0000
vn 0.0000 1.0000 0.0000
vn 0.0000 -1.0000 0.0000
vn -1.0000 0.0000 0.0000
vn 1.0000 0.0000 0.0000
vn 0.0000 0.0000 1.0000
vn 0.0000 0.0000 -1.0000
vn 0.0000 1.0000 0.0000
vn 0.0000 -1.0000 0.0000
vn -1.0000 0.0000 0.0000
vn 1.0000 0.0000 0.0000
vn 0.0000 0.0000 1.0000
vn 0.0000 0.0000 -1.0000
vn 0.0000 1.0000 0.0000
vn 0.0000 -1.0000 0.0000
vn -1.0000 0.0000 0.0000
vn 1.0000 0.0000 0.0000
vn 1.0000 0.0000 0.0000
vn 0.7071 0.0000 0.7071
vn 0.0000 0.0000 1.0000
vn -0.7071 0.0000 0.7071
vn -1.0000 0.0000 0.0000
vn -0.7071 0.0000 -0.7071
vn -0.0000 0.0000 -1.0000
vn 0.7071 0.0000 -0.7071
vn 0.0000 1.0000 0.0000
vn 0.0000 -1.0000 0.0000
vn 0.0000 0.0000 1.0000
vn 0.0000 0.0000 -1.0000
vn 0.0000 1.0000 0.0000
vn 0.0000 -1.0000 0.0000
vn -1.0000 0.0000 0.0000
vn 1.0000 0.0000 0.0000
vn 0.0000 0.0000 1.0000
vn 0.0000 0.0000 -1.0000
vn 0.0000 1.0000 0.0000
vn 0.0000 -1.0000 0.0000
vn -1.0000 0.0000 0.0000
vn 1.0000 0.0000 0.0000
vn 0.0000 0.0000 1.0000
vn 0.0000 0.0000 -1.0000
vn 0.0000 1.0000 0.0000
vn 0.0000 -1.0000 0.0000
vn -1.0000 0.0000 0.0000
vn 1.0000 0.0000 0.0000
vn 1.0000 0.0000 0.0000
vn 0.7071 0.0000 0.7071
vn 0.0000 0.0000 1.0000
vn -0.7071 0.0000 0.7071
vn -1.0000 0.0000 0.0000
vn -0.7071 0.0000 -0.7071
vn -0.0000 0.0000 -1.0000
vn 0.7071 0.0000 -0.7071
vn 0.0000 1.0000 0.0000
vn 0.0000 -1.0000 0.0000
vn 1.0000 0.0000 0.0000
vn 0.8660 0.0000 0.5000
vn 0.5000 0.0000 0.8660
vn 0.0000 0.0000 1.0000
vn -0.5000 0.0000 0.8660
vn -0.8660 0.0000 0.5000
vn -1.0000 0.0000 0.0000
vn -0.8660 0.0000 -0.5000
vn -0.5000 0.0000 -0.8660
vn -0.0000 0.0000 -1.0000
vn 0.5000 0.0000 -0.8660
vn 0.8660 0.0000 -0.5000
vn 0.0000 1.0000 0.0000
vn 0.0000 -1.0000 0.0000
vn 0.0000 0.0000 1.0000
vn 0.0000 0.0000 -1.0000
vn 0.0000 1.0000 0.0000
vn 0.0000 -1.0000 0.0000
vn -1.0000 0.0000 0.0000
vn 1.0000 0.0000 0.0000
vn 0.0000 0.9310 0.3651
vn 0.0000 0.9310 -0.3651
vn -1.0000 0.0000 0.0000
vn 1.0000 0.0000 0.0000
vn 0.0000 -1.0000 0.0000
vn 0.0000 0.0000 1.0000
vn 0.0000 0.0000 -1.0000
vn 0.0000 1.0000 0.0000
vn 0.0000 -1.0000 0.0000
vn -1.0000 0.0000 0.0000
vn 1.0000 0.0000 0.0000
vn 0.0000 0.0000 1.0000
vn 0.0000 0.0000 -1.0000
vn 0.0000 1.0000 0.0000
vn 0.0000 -1.0000 0.0000
vn -1.0000 0.0000 0.0000
vn 1.0000 0.0000 0.0000

# Meshes and Objects

o Foundation
usemtl Foundation_Stone
s 1
f 1/1/1 2/2/1 3/3/1 4/4/1
f 6/1/2 5/2/2 8/3/2 7/4/2
f 4/1/3 3/2/3 7/3/3 8/4/3
f 5/1/4 6/2/4 2/3/4 1/4/4
f 2/1/6 6/2/6 7/3/6 3/4/6
f 5/1/5 1/2/5 4/3/5 8/4/5

o Porch_Deck
usemtl Concrete_Slab
s 1
f 9/5/7 10/6/7 11/7/7 12/8/7
f 14/5/8 13/6/8 16/7/8 15/8/8
f 12/5/9 11/6/9 15/7/9 16/8/9
f 13/5/10 14/6/10 10/7/10 9/8/10
f 10/5/12 14/6/12 15/7/12 11/8/12
f 13/5/11 9/6/11 12/7/11 16/8/11

o Porch_Steps
f 17/9/13 18/10/13 19/11/13 20/12/13
f 22/9/14 21/10/14 24/11/14 23/12/14
f 20/9/15 19/10/15 23/11/15 24/12/15
f 21/9/16 22/10/16 18/11/16 17/12/16
f 18/9/18 22/10/18 23/11/18 19/12/18
f 21/9/17 17/10/17 20/11/17 24/12/17

o Floor_LivingRoom
usemtl Hardwood_Floor_Oak
s 1
f 25/13/19 26/14/19 27/15/19 28/16/19
f 30/13/20 29/14/20 32/15/20 31/16/20
f 28/13/21 27/14/21 31/15/21 32/16/21
f 29/13/22 30/14/22 26/15/22 25/16/22
f 26/13/24 30/14/24 31/15/24 27/16/24
f 29/13/23 25/14/23 28/15/23 32/16/23

o Floor_KitchenDining
usemtl Ceramic_Tile_LightGrey
s 1
f 33/17/25 34/18/25 35/19/25 36/20/25
f 38/17/26 37/18/26 40/19/26 39/20/26
f 36/17/27 35/18/27 39/19/27 40/20/27
f 37/17/28 38/18/28 34/19/28 33/20/28
f 34/17/30 38/18/30 39/19/30 35/20/30
f 37/17/29 33/18/29 36/19/29 40/20/29

o Floor_Bedroom
usemtl Hardwood_Floor_Oak
s 1
f 41/21/31 42/22/31 43/23/31 44/24/31
f 46/21/32 45/22/32 48/23/32 47/24/32
f 44/21/33 43/22/33 47/23/33 48/24/33
f 45/21/34 46/22/34 42/23/34 41/24/34
f 42/21/36 46/22/36 47/23/36 43/24/36
f 45/21/35 41/22/35 44/23/35 48/24/35

o Floor_Bathroom
usemtl Bathroom_Tile_Teal
s 1
f 49/25/37 50/26/37 51/27/37 52/28/37
f 54/25/38 53/26/38 56/27/38 55/28/38
f 52/25/39 51/26/39 55/27/39 56/28/39
f 53/25/40 54/26/40 50/27/40 49/28/40
f 50/25/42 54/26/42 55/27/42 51/28/42
f 53/25/41 49/26/41 52/27/41 56/28/41

o Floor_Hallway
usemtl Ceramic_Tile_LightGrey
s 1
f 57/29/43 58/30/43 59/31/43 60/32/43
f 62/29/44 61/30/44 64/31/44 63/32/44
f 60/29/45 59/30/45 63/31/45 64/32/45
f 61/29/46 62/30/46 58/31/46 57/32/46
f 58/29/48 62/30/48 63/31/48 59/32/48
f 61/29/47 57/30/47 60/31/47 64/32/47

o ExtWall_North_Left
usemtl Stucco_WarmCream
s 1
f 65/33/49 66/34/49 67/35/49 68/36/49
f 70/33/50 69/34/50 72/35/50 71/36/50
f 68/33/51 67/34/51 71/35/51 72/36/51
f 69/33/52 70/34/52 66/35/52 65/36/52
f 66/33/54 70/34/54 71/35/54 67/36/54
f 69/33/53 65/34/53 68/35/53 72/36/53

o ExtWall_North_WinLow1
f 73/37/55 74/38/55 75/39/55 76/40/55
f 78/37/56 77/38/56 80/39/56 79/40/56
f 76/37/57 75/38/57 79/39/57 80/40/57
f 77/37/58 78/38/58 74/39/58 73/40/58
f 74/37/60 78/38/60 79/39/60 75/40/60
f 77/37/59 73/38/59 76/39/59 80/40/59

o ExtWall_North_WinHigh1
f 81/41/61 82/42/61 83/43/61 84/44/61
f 86/41/62 85/42/62 88/43/62 87/44/62
f 84/41/63 83/42/63 87/43/63 88/44/63
f 85/41/64 86/42/64 82/43/64 81/44/64
f 82/41/66 86/42/66 87/43/66 83/44/66
f 85/41/65 81/42/65 84/43/65 88/44/65

o ExtWall_North_Mid
f 89/45/67 90/46/67 91/47/67 92/48/67
f 94/45/68 93/46/68 96/47/68 95/48/68
f 92/45/69 91/46/69 95/47/69 96/48/69
f 93/45/70 94/46/70 90/47/70 89/48/70
f 90/45/72 94/46/72 95/47/72 91/48/72
f 93/45/71 89/46/71 92/47/71 96/48/71

o ExtWall_North_WinLow2
f 97/49/73 98/50/73 99/51/73 100/52/73
f 102/49/74 101/50/74 104/51/74 103/52/74
f 100/49/75 99/50/75 103/51/75 104/52/75
f 101/49/76 102/50/76 98/51/76 97/52/76
f 98/49/78 102/50/78 103/51/78 99/52/78
f 101/49/77 97/50/77 100/51/77 104/52/77

o ExtWall_North_WinHigh2
f 105/53/79 106/54/79 107/55/79 108/56/79
f 110/53/80 109/54/80 112/55/80 111/56/80
f 108/53/81 107/54/81 111/55/81 112/56/81
f 109/53/82 110/54/82 106/55/82 105/56/82
f 106/53/84 110/54/84 111/55/84 107/56/84
f 109/53/83 105/54/83 108/55/83 112/56/83

o ExtWall_North_Right
f 113/57/85 114/58/85 115/59/85 116/60/85
f 118/57/86 117/58/86 120/59/86 119/60/86
f 116/57/87 115/58/87 119/59/87 120/60/87
f 117/57/88 118/58/88 114/59/88 113/60/88
f 114/57/90 118/58/90 119/59/90 115/60/90
f 117/57/89 113/58/89 116/59/89 120/60/89

o ExtWall_South_LeftCorner
usemtl Wood_Accent_Siding
s 1
f 121/61/91 122/62/91 123/63/91 124/64/91
f 126/61/92 125/62/92 128/63/92 127/64/92
f 124/61/93 123/62/93 127/63/93 128/64/93
f 125/61/94 126/62/94 122/63/94 121/64/94
f 122/61/96 126/62/96 127/63/96 123/64/96
f 125/61/95 121/62/95 124/63/95 128/64/95

o ExtWall_South_WinLow
usemtl Stucco_WarmCream
s 1
f 129/65/97 130/66/97 131/67/97 132/68/97
f 134/65/98 133/66/98 136/67/98 135/68/98
f 132/65/99 131/66/99 135/67/99 136/68/99
f 133/65/100 134/66/100 130/67/100 129/68/100
f 130/65/102 134/66/102 135/67/102 131/68/102
f 133/65/101 129/66/101 132/67/101 136/68/101

o ExtWall_South_WinHigh
f 137/69/103 138/70/103 139/71/103 140/72/103
f 142/69/104 141/70/104 144/71/104 143/72/104
f 140/69/105 139/70/105 143/71/105 144/72/105
f 141/69/106 142/70/106 138/71/106 137/72/106
f 138/69/108 142/70/108 143/71/108 139/72/108
f 141/69/107 137/70/107 140/71/107 144/72/107

o ExtWall_South_MidLeft
usemtl Wood_Accent_Siding
s 1
f 145/73/109 146/74/109 147/75/109 148/76/109
f 150/73/110 149/74/110 152/75/110 151/76/110
f 148/73/111 147/74/111 151/75/111 152/76/111
f 149/73/112 150/74/112 146/75/112 145/76/112
f 146/73/114 150/74/114 151/75/114 147/76/114
f 149/73/113 145/74/113 148/75/113 152/76/113

o ExtWall_South_DoorHeader
usemtl Stucco_WarmCream
s 1
f 153/77/115 154/78/115 155/79/115 156/80/115
f 158/77/116 157/78/116 160/79/116 159/80/116
f 156/77/117 155/78/117 159/79/117 160/80/117
f 157/77/118 158/78/118 154/79/118 153/80/118
f 154/77/120 158/78/120 159/79/120 155/80/120
f 157/77/119 153/78/119 156/79/119 160/80/119

o ExtWall_South_MidRight
f 161/81/121 162/82/121 163/83/121 164/84/121
f 166/81/122 165/82/122 168/83/122 167/84/122
f 164/81/123 163/82/123 167/83/123 168/84/123
f 165/81/124 166/82/124 162/83/124 161/84/124
f 162/81/126 166/82/126 167/83/126 163/84/126
f 165/81/125 161/82/125 164/83/125 168/84/125

o ExtWall_South_BathWinLow
f 169/85/127 170/86/127 171/87/127 172/88/127
f 174/85/128 173/86/128 176/87/128 175/88/128
f 172/85/129 171/86/129 175/87/129 176/88/129
f 173/85/130 174/86/130 170/87/130 169/88/130
f 170/85/132 174/86/132 175/87/132 171/88/132
f 173/85/131 169/86/131 172/87/131 176/88/131

o ExtWall_South_BathWinHigh
f 177/89/133 178/90/133 179/91/133 180/92/133
f 182/89/134 181/90/134 184/91/134 183/92/134
f 180/89/135 179/90/135 183/91/135 184/92/135
f 181/89/136 182/90/136 178/91/136 177/92/136
f 178/89/138 182/90/138 183/91/138 179/92/138
f 181/89/137 177/90/137 180/91/137 184/92/137

o ExtWall_South_RightCorner
f 185/93/139 186/94/139 187/95/139 188/96/139
f 190/93/140 189/94/140 192/95/140 191/96/140
f 188/93/141 187/94/141 191/95/141 192/96/141
f 189/93/142 190/94/142 186/95/142 185/96/142
f 186/93/144 190/94/144 191/95/144 187/96/144
f 189/93/143 185/94/143 188/95/143 192/96/143

o ExtWall_West_Back
f 193/97/145 194/98/145 195/99/145 196/100/145
f 198/97/146 197/98/146 200/99/146 199/100/146
f 196/97/147 195/98/147 199/99/147 200/100/147
f 197/97/148 198/98/148 194/99/148 193/100/148
f 194/97/150 198/98/150 199/99/150 195/100/150
f 197/97/149 193/98/149 196/99/149 200/100/149

o ExtWall_West_WinLow
f 201/101/151 202/102/151 203/103/151 204/104/151
f 206/101/152 205/102/152 208/103/152 207/104/152
f 204/101/153 203/102/153 207/103/153 208/104/153
f 205/101/154 206/102/154 202/103/154 201/104/154
f 202/101/156 206/102/156 207/103/156 203/104/156
f 205/101/155 201/102/155 204/103/155 208/104/155

o ExtWall_West_WinHigh
f 209/105/157 210/106/157 211/107/157 212/108/157
f 214/105/158 213/106/158 216/107/158 215/108/158
f 212/105/159 211/106/159 215/107/159 216/108/159
f 213/105/160 214/106/160 210/107/160 209/108/160
f 210/105/162 214/106/162 215/107/162 211/108/162
f 213/105/161 209/106/161 212/107/161 216/108/161

o ExtWall_West_Front
f 217/109/163 218/110/163 219/111/163 220/112/163
f 222/109/164 221/110/164 224/111/164 223/112/164
f 220/109/165 219/110/165 223/111/165 224/112/165
f 221/109/166 222/110/166 218/111/166 217/112/166
f 218/109/168 222/110/168 223/111/168 219/112/168
f 221/109/167 217/110/167 220/111/167 224/112/167

o ExtWall_East_Back
f 225/113/169 226/114/169 227/115/169 228/116/169
f 230/113/170 229/114/170 232/115/170 231/116/170
f 228/113/171 227/114/171 231/115/171 232/116/171
f 229/113/172 230/114/172 226/115/172 225/116/172
f 226/113/174 230/114/174 231/115/174 227/116/174
f 229/113/173 225/114/173 228/115/173 232/116/173

o ExtWall_East_WinLow
f 233/117/175 234/118/175 235/119/175 236/120/175
f 238/117/176 237/118/176 240/119/176 239/120/176
f 236/117/177 235/118/177 239/119/177 240/120/177
f 237/117/178 238/118/178 234/119/178 233/120/178
f 234/117/180 238/118/180 239/119/180 235/120/180
f 237/117/179 233/118/179 236/119/179 240/120/179

o ExtWall_East_WinHigh
f 241/121/181 242/122/181 243/123/181 244/124/181
f 246/121/182 245/122/182 248/123/182 247/124/182
f 244/121/183 243/122/183 247/123/183 248/124/183
f 245/121/184 246/122/184 242/123/184 241/124/184
f 242/121/186 246/122/186 247/123/186 243/124/186
f 245/121/185 241/122/185 244/123/185 248/124/185

o ExtWall_East_Front
f 249/125/187 250/126/187 251/127/187 252/128/187
f 254/125/188 253/126/188 256/127/188 255/128/188
f 252/125/189 251/126/189 255/127/189 256/128/189
f 253/125/190 254/126/190 250/127/190 249/128/190
f 250/125/192 254/126/192 255/127/192 251/128/192
f 253/125/191 249/126/191 252/127/191 256/128/191

o IntWall_CenterSpine_Back
usemtl Interior_Drywall_OffWhite
s 1
f 257/129/193 258/130/193 259/131/193 260/132/193
f 262/129/194 261/130/194 264/131/194 263/132/194
f 260/129/195 259/130/195 263/131/195 264/132/195
f 261/129/196 262/130/196 258/131/196 257/132/196
f 258/129/198 262/130/198 263/131/198 259/132/198
f 261/129/197 257/130/197 260/131/197 264/132/197

o IntWall_KitchenDoor_Header
f 265/133/199 266/134/199 267/135/199 268/136/199
f 270/133/200 269/134/200 272/135/200 271/136/200
f 268/133/201 267/134/201 271/135/201 272/136/201
f 269/133/202 270/134/202 266/135/202 265/136/202
f 266/133/204 270/134/204 271/135/204 267/136/204
f 269/133/203 265/134/203 268/135/203 272/136/203

o IntWall_CenterSpine_Front
f 273/137/205 274/138/205 275/139/205 276/140/205
f 278/137/206 277/138/206 280/139/206 279/140/206
f 276/137/207 275/138/207 279/139/207 280/140/207
f 277/137/208 278/138/208 274/139/208 273/140/208
f 274/137/210 278/138/210 279/139/210 275/140/210
f 277/137/209 273/138/209 276/139/209 280/140/209

o IntWall_BedDoor_Header
f 281/141/211 282/142/211 283/143/211 284/144/211
f 286/141/212 285/142/212 288/143/212 287/144/212
f 284/141/213 283/142/213 287/143/213 288/144/213
f 285/141/214 286/142/214 282/143/214 281/144/214
f 282/141/216 286/142/216 287/143/216 283/144/216
f 285/141/215 281/142/215 284/143/215 288/144/215

o IntWall_BedBath_Partition
f 289/145/217 290/146/217 291/147/217 292/148/217
f 294/145/218 293/146/218 296/147/218 295/148/218
f 292/145/219 291/146/219 295/147/219 296/148/219
f 293/145/220 294/146/220 290/147/220 289/148/220
f 290/145/222 294/146/222 295/147/222 291/148/222
f 293/145/221 289/146/221 292/147/221 296/148/221

o IntWall_Bath_Hall1
usemtl Interior_Accent_SlateBlue
s 1
f 297/149/223 298/150/223 299/151/223 300/152/223
f 302/149/224 301/150/224 304/151/224 303/152/224
f 300/149/225 299/150/225 303/151/225 304/152/225
f 301/149/226 302/150/226 298/151/226 297/152/226
f 298/149/228 302/150/228 303/151/228 299/152/228
f 301/149/227 297/150/227 300/151/227 304/152/227

o IntWall_BathDoor_Header
usemtl Interior_Drywall_OffWhite
s 1
f 305/153/229 306/154/229 307/155/229 308/156/229
f 310/153/230 309/154/230 312/155/230 311/156/230
f 308/153/231 307/154/231 311/155/231 312/156/231
f 309/153/232 310/154/232 306/155/232 305/156/232
f 306/153/234 310/154/234 311/155/234 307/156/234
f 309/153/233 305/154/233 308/155/233 312/156/233

o IntWall_Bath_Hall2
usemtl Interior_Accent_SlateBlue
s 1
f 313/157/235 314/158/235 315/159/235 316/160/235
f 318/157/236 317/158/236 320/159/236 319/160/236
f 316/157/237 315/158/237 319/159/237 320/160/237
f 317/157/238 318/158/238 314/159/238 313/160/238
f 314/157/240 318/158/240 319/159/240 315/160/240
f 317/157/239 313/158/239 316/159/239 320/160/239

o AccentWall_Living
f 321/161/241 322/162/241 323/163/241 324/164/241
f 326/161/242 325/162/242 328/163/242 327/164/242
f 324/161/243 323/162/243 327/163/243 328/164/243
f 325/161/244 326/162/244 322/163/244 321/164/244
f 322/161/246 326/162/246 327/163/246 323/164/246
f 325/161/245 321/162/245 324/163/245 328/164/245

o Trim_Baseboard_1
usemtl Baseboard_Trim_White
s 1
f 329/165/247 330/166/247 331/167/247 332/168/247
f 334/165/248 333/166/248 336/167/248 335/168/248
f 332/165/249 331/166/249 335/167/249 336/168/249
f 333/165/250 334/166/250 330/167/250 329/168/250
f 330/165/252 334/166/252 335/167/252 331/168/252
f 333/165/251 329/166/251 332/167/251 336/168/251

o Trim_Baseboard_2
f 337/169/253 338/170/253 339/171/253 340/172/253
f 342/169/254 341/170/254 344/171/254 343/172/254
f 340/169/255 339/170/255 343/171/255 344/172/255
f 341/169/256 342/170/256 338/171/256 337/172/256
f 338/169/258 342/170/258 343/171/258 339/172/258
f 341/169/257 337/170/257 340/171/257 344/172/257

o Trim_Baseboard_Bed
f 345/173/259 346/174/259 347/175/259 348/176/259
f 350/173/260 349/174/260 352/175/260 351/176/260
f 348/173/261 347/174/261 351/175/261 352/176/261
f 349/173/262 350/174/262 346/175/262 345/176/262
f 346/173/264 350/174/264 351/175/264 347/176/264
f 349/173/263 345/174/263 348/175/263 352/176/263

o Frame_Living_L
usemtl Window_Frame_Anthracite
s 1
f 353/177/265 354/178/265 355/179/265 356/180/265
f 358/177/266 357/178/266 360/179/266 359/180/266
f 356/177/267 355/178/267 359/179/267 360/180/267
f 357/177/268 358/178/268 354/179/268 353/180/268
f 354/177/270 358/178/270 359/179/270 355/180/270
f 357/177/269 353/178/269 356/179/269 360/180/269

o Frame_Living_R
f 361/181/271 362/182/271 363/183/271 364/184/271
f 366/181/272 365/182/272 368/183/272 367/184/272
f 364/181/273 363/182/273 367/183/273 368/184/273
f 365/181/274 366/182/274 362/183/274 361/184/274
f 362/181/276 366/182/276 367/183/276 363/184/276
f 365/181/275 361/182/275 364/183/275 368/184/275

o Frame_Living_Bot
f 369/185/277 370/186/277 371/187/277 372/188/277
f 374/185/278 373/186/278 376/187/278 375/188/278
f 372/185/279 371/186/279 375/187/279 376/188/279
f 373/185/280 374/186/280 370/187/280 369/188/280
f 370/185/282 374/186/282 375/187/282 371/188/282
f 373/185/281 369/186/281 372/187/281 376/188/281

o Frame_Living_Top
f 377/189/283 378/190/283 379/191/283 380/192/283
f 382/189/284 381/190/284 384/191/284 383/192/284
f 380/189/285 379/190/285 383/191/285 384/192/285
f 381/189/286 382/190/286 378/191/286 377/192/286
f 378/189/288 382/190/288 383/191/288 379/192/288
f 381/189/287 377/190/287 380/191/287 384/192/287

o Frame_Living_Mullion
f 385/193/289 386/194/289 387/195/289 388/196/289
f 390/193/290 389/194/290 392/195/290 391/196/290
f 388/193/291 387/194/291 391/195/291 392/196/291
f 389/193/292 390/194/292 386/195/292 385/196/292
f 386/193/294 390/194/294 391/195/294 387/196/294
f 389/193/293 385/194/293 388/195/293 392/196/293

o Glass_LivingWindow
usemtl Glass_Architectural
s 1
f 393/197/295 394/198/295 395/199/295 396/200/295
f 398/197/296 397/198/296 400/199/296 399/200/296
f 396/197/297 395/198/297 399/199/297 400/200/297
f 397/197/298 398/198/298 394/199/298 393/200/298
f 394/197/300 398/198/300 399/199/300 395/200/300
f 397/197/299 393/198/299 396/199/299 400/200/299

o Frame_KitchenWin
usemtl Window_Frame_Anthracite
s 1
f 401/201/301 402/202/301 403/203/301 404/204/301
f 406/201/302 405/202/302 408/203/302 407/204/302
f 404/201/303 403/202/303 407/203/303 408/204/303
f 405/201/304 406/202/304 402/203/304 401/204/304
f 402/201/306 406/202/306 407/203/306 403/204/306
f 405/201/305 401/202/305 404/203/305 408/204/305

o Glass_KitchenWindow
usemtl Glass_Architectural
s 1
f 409/205/307 410/206/307 411/207/307 412/208/307
f 414/205/308 413/206/308 416/207/308 415/208/308
f 412/205/309 411/206/309 415/207/309 416/208/309
f 413/205/310 414/206/310 410/207/310 409/208/310
f 410/205/312 414/206/312 415/207/312 411/208/312
f 413/205/311 409/206/311 412/207/311 416/208/311

o Frame_BedWinNorth
usemtl Window_Frame_Anthracite
s 1
f 417/209/313 418/210/313 419/211/313 420/212/313
f 422/209/314 421/210/314 424/211/314 423/212/314
f 420/209/315 419/210/315 423/211/315 424/212/315
f 421/209/316 422/210/316 418/211/316 417/212/316
f 418/209/318 422/210/318 423/211/318 419/212/318
f 421/209/317 417/210/317 420/211/317 424/212/317

o Glass_BedWinNorth
usemtl Glass_Architectural
s 1
f 425/213/319 426/214/319 427/215/319 428/216/319
f 430/213/320 429/214/320 432/215/320 431/216/320
f 428/213/321 427/214/321 431/215/321 432/216/321
f 429/213/322 430/214/322 426/215/322 425/216/322
f 426/213/324 430/214/324 431/215/324 427/216/324
f 429/213/323 425/214/323 428/215/323 432/216/323

o Frame_BedWinEast
usemtl Window_Frame_Anthracite
s 1
f 433/217/325 434/218/325 435/219/325 436/220/325
f 438/217/326 437/218/326 440/219/326 439/220/326
f 436/217/327 435/218/327 439/219/327 440/220/327
f 437/217/328 438/218/328 434/219/328 433/220/328
f 434/217/330 438/218/330 439/219/330 435/220/330
f 437/217/329 433/218/329 436/219/329 440/220/329

o Glass_BedWinEast
usemtl Glass_Architectural
s 1
f 441/221/331 442/222/331 443/223/331 444/224/331
f 446/221/332 445/222/332 448/223/332 447/224/332
f 444/221/333 443/222/333 447/223/333 448/224/333
f 445/221/334 446/222/334 442/223/334 441/224/334
f 442/221/336 446/222/336 447/223/336 443/224/336
f 445/221/335 441/222/335 444/223/335 448/224/335

o Door_Front_Panel
usemtl Door_Mahogany
s 1
f 449/225/337 450/226/337 451/227/337 452/228/337
f 454/225/338 453/226/338 456/227/338 455/228/338
f 452/225/339 451/226/339 455/227/339 456/228/339
f 453/225/340 454/226/340 450/227/340 449/228/340
f 450/225/342 454/226/342 455/227/342 451/228/342
f 453/225/341 449/226/341 452/227/341 456/228/341

o Door_Front_Handle
usemtl Door_Hardware_Brass
s 1
f 457/229/343 458/230/343 459/231/343 460/232/343
f 462/229/344 461/230/344 464/231/344 463/232/344
f 460/229/345 459/230/345 463/231/345 464/232/345
f 461/229/346 462/230/346 458/231/346 457/232/346
f 458/229/348 462/230/348 463/231/348 459/232/348
f 461/229/347 457/230/347 460/231/347 464/232/347

o Door_Bedroom_Panel
usemtl Door_Mahogany
s 1
f 465/233/349 466/234/349 467/235/349 468/236/349
f 470/233/350 469/234/350 472/235/350 471/236/350
f 468/233/351 467/234/351 471/235/351 472/236/351
f 469/233/352 470/234/352 466/235/352 465/236/352
f 466/233/354 470/234/354 471/235/354 467/236/354
f 469/233/353 465/234/353 468/235/353 472/236/353

o Door_Bed_Handle
usemtl Door_Hardware_Brass
s 1
f 473/237/355 474/238/355 475/239/355 476/240/355
f 478/237/356 477/238/356 480/239/356 479/240/356
f 476/237/357 475/238/357 479/239/357 480/240/357
f 477/237/358 478/238/358 474/239/358 473/240/358
f 474/237/360 478/238/360 479/239/360 475/240/360
f 477/237/359 473/238/359 476/239/359 480/240/359

o Door_Bath_Panel
usemtl Door_Mahogany
s 1
f 481/241/361 482/242/361 483/243/361 484/244/361
f 486/241/362 485/242/362 488/243/362 487/244/362
f 484/241/363 483/242/363 487/243/363 488/244/363
f 485/241/364 486/242/364 482/243/364 481/244/364
f 482/241/366 486/242/366 487/243/366 483/244/366
f 485/241/365 481/242/365 484/243/365 488/244/365

o Sofa_Base
usemtl Sofa_Fabric_Navy
s 1
f 489/245/367 490/246/367 491/247/367 492/248/367
f 494/245/368 493/246/368 496/247/368 495/248/368
f 492/245/369 491/246/369 495/247/369 496/248/369
f 493/245/370 494/246/370 490/247/370 489/248/370
f 490/245/372 494/246/372 495/247/372 491/248/372
f 493/245/371 489/246/371 492/247/371 496/248/371

o Sofa_Backrest
f 497/249/373 498/250/373 499/251/373 500/252/373
f 502/249/374 501/250/374 504/251/374 503/252/374
f 500/249/375 499/250/375 503/251/375 504/252/375
f 501/249/376 502/250/376 498/251/376 497/252/376
f 498/249/378 502/250/378 503/251/378 499/252/378
f 501/249/377 497/250/377 500/251/377 504/252/377

o Sofa_Armrest_Left
f 505/253/379 506/254/379 507/255/379 508/256/379
f 510/253/380 509/254/380 512/255/380 511/256/380
f 508/253/381 507/254/381 511/255/381 512/256/381
f 509/253/382 510/254/382 506/255/382 505/256/382
f 506/253/384 510/254/384 511/255/384 507/256/384
f 509/253/383 505/254/383 508/255/383 512/256/383

o Sofa_Armrest_Right
f 513/257/385 514/258/385 515/259/385 516/260/385
f 518/257/386 517/258/386 520/259/386 519/260/386
f 516/257/387 515/258/387 519/259/387 520/260/387
f 517/257/388 518/258/388 514/259/388 513/260/388
f 514/257/390 518/258/390 519/259/390 515/260/390
f 517/257/389 513/258/389 516/259/389 520/260/389

o Cushion_1
f 521/261/391 522/262/391 523/263/391 524/264/391
f 526/261/392 525/262/392 528/263/392 527/264/392
f 524/261/393 523/262/393 527/263/393 528/264/393
f 525/261/394 526/262/394 522/263/394 521/264/394
f 522/261/396 526/262/396 527/263/396 523/264/396
f 525/261/395 521/262/395 524/263/395 528/264/395

o Cushion_2
f 529/265/397 530/266/397 531/267/397 532/268/397
f 534/265/398 533/266/398 536/267/398 535/268/398
f 532/265/399 531/266/399 535/267/399 536/268/399
f 533/265/400 534/266/400 530/267/400 529/268/400
f 530/265/402 534/266/402 535/267/402 531/268/402
f 533/265/401 529/266/401 532/267/401 536/268/401

o Cushion_3
f 537/269/403 538/270/403 539/271/403 540/272/403
f 542/269/404 541/270/404 544/271/404 543/272/404
f 540/269/405 539/270/405 543/271/405 544/272/405
f 541/269/406 542/270/406 538/271/406 537/272/406
f 538/269/408 542/270/408 543/271/408 539/272/408
f 541/269/407 537/270/407 540/271/407 544/272/407

o ThrowPillow_1
usemtl Sofa_Cushion_Oatmeal
s 1
f 545/273/409 546/274/409 547/275/409 548/276/409
f 550/273/410 549/274/410 552/275/410 551/276/410
f 548/273/411 547/274/411 551/275/411 552/276/411
f 549/273/412 550/274/412 546/275/412 545/276/412
f 546/273/414 550/274/414 551/275/414 547/276/414
f 549/273/413 545/274/413 548/275/413 552/276/413

o ThrowPillow_2
f 553/277/415 554/278/415 555/279/415 556/280/415
f 558/277/416 557/278/416 560/279/416 559/280/416
f 556/277/417 555/278/417 559/279/417 560/280/417
f 557/277/418 558/278/418 554/279/418 553/280/418
f 554/277/420 558/278/420 559/279/420 555/280/420
f 557/277/419 553/278/419 556/279/419 560/280/419

o Living_Rug
usemtl LivingRoom_AreaRug
s 1
f 561/281/421 562/282/421 563/283/421 564/284/421
f 566/281/422 565/282/422 568/283/422 567/284/422
f 564/281/423 563/282/423 567/283/423 568/284/423
f 565/281/424 566/282/424 562/283/424 561/284/424
f 562/281/426 566/282/426 567/283/426 563/284/426
f 565/281/425 561/282/425 564/283/425 568/284/425

o CoffeeTable_Top
usemtl CoffeeTable_Walnut
s 1
f 569/285/427 570/286/427 571/287/427 572/288/427
f 574/285/428 573/286/428 576/287/428 575/288/428
f 572/285/429 571/286/429 575/287/429 576/288/429
f 573/285/430 574/286/430 570/287/430 569/288/430
f 570/285/432 574/286/432 575/287/432 571/288/432
f 573/285/431 569/286/431 572/287/431 576/288/431

o CoffeeLeg_1
usemtl Metal_BlackMatte
s 1
f 577/289/433 578/290/433 579/291/433 580/292/433
f 582/289/434 581/290/434 584/291/434 583/292/434
f 580/289/435 579/290/435 583/291/435 584/292/435
f 581/289/436 582/290/436 578/291/436 577/292/436
f 578/289/438 582/290/438 583/291/438 579/292/438
f 581/289/437 577/290/437 580/291/437 584/292/437

o CoffeeLeg_2
f 585/293/439 586/294/439 587/295/439 588/296/439
f 590/293/440 589/294/440 592/295/440 591/296/440
f 588/293/441 587/294/441 591/295/441 592/296/441
f 589/293/442 590/294/442 586/295/442 585/296/442
f 586/293/444 590/294/444 591/295/444 587/296/444
f 589/293/443 585/294/443 588/295/443 592/296/443

o CoffeeLeg_3
f 593/297/445 594/298/445 595/299/445 596/300/445
f 598/297/446 597/298/446 600/299/446 599/300/446
f 596/297/447 595/298/447 599/299/447 600/300/447
f 597/297/448 598/298/448 594/299/448 593/300/448
f 594/297/450 598/298/450 599/299/450 595/300/450
f 597/297/449 593/298/449 596/299/449 600/300/449

o CoffeeLeg_4
f 601/301/451 602/302/451 603/303/451 604/304/451
f 606/301/452 605/302/452 608/303/452 607/304/452
f 604/301/453 603/302/453 607/303/453 608/304/453
f 605/301/454 606/302/454 602/303/454 601/304/454
f 602/301/456 606/302/456 607/303/456 603/304/456
f 605/301/455 601/302/455 604/303/455 608/304/455

o TV_Credenza
usemtl TV_Console_Charcoal
s 1
f 609/305/457 610/306/457 611/307/457 612/308/457
f 614/305/458 613/306/458 616/307/458 615/308/458
f 612/305/459 611/306/459 615/307/459 616/308/459
f 613/305/460 614/306/460 610/307/460 609/308/460
f 610/305/462 614/306/462 615/307/462 611/308/462
f 613/305/461 609/306/461 612/307/461 616/308/461

o TV_Stand_Base
usemtl Metal_BlackMatte
s 1
f 617/309/463 618/310/463 619/311/463 620/312/463
f 622/309/464 621/310/464 624/311/464 623/312/464
f 620/309/465 619/310/465 623/311/465 624/312/465
f 621/309/466 622/310/466 618/311/466 617/312/466
f 618/309/468 622/310/468 623/311/468 619/312/468
f 621/309/467 617/310/467 620/311/467 624/312/467

o TV_Stand_Stem
f 625/313/469 626/314/469 627/315/469 628/316/469
f 630/313/470 629/314/470 632/315/470 631/316/470
f 628/313/471 627/314/471 631/315/471 632/316/471
f 629/313/472 630/314/472 626/315/472 625/316/472
f 626/313/474 630/314/474 631/315/474 627/316/474
f 629/313/473 625/314/473 628/315/473 632/316/473

o TV_Frame
f 633/317/475 634/318/475 635/319/475 636/320/475
f 638/317/476 637/318/476 640/319/476 639/320/476
f 636/317/477 635/318/477 639/319/477 640/320/477
f 637/317/478 638/318/478 634/319/478 633/320/478
f 634/317/480 638/318/480 639/319/480 635/320/480
f 637/317/479 633/318/479 636/319/479 640/320/479

o TV_Screen
usemtl TV_GlossyScreen
s 1
f 641/321/481 642/322/481 643/323/481 644/324/481
f 646/321/482 645/322/482 648/323/482 647/324/482
f 644/321/483 643/322/483 647/323/483 648/324/483
f 645/321/484 646/322/484 642/323/484 641/324/484
f 642/321/486 646/322/486 647/323/486 643/324/486
f 645/321/485 641/322/485 644/323/485 648/324/485

o FloorLamp_Base
usemtl Metal_BlackMatte
s 1
f 649/325/487 651/325/488 652/325/488 650/325/487
f 651/325/488 653/325/489 654/325/489 652/325/488
f 653/325/489 655/325/490 656/325/490 654/325/489
f 655/325/490 657/325/491 658/325/491 656/325/490
f 657/325/491 659/325/492 660/325/492 658/325/491
f 659/325/492 661/325/493 662/325/493 660/325/492
f 661/325/493 663/325/494 664/325/494 662/325/493
f 663/325/494 665/325/495 666/325/495 664/325/494
f 665/325/495 667/325/496 668/325/496 666/325/495
f 667/325/496 669/325/497 670/325/497 668/325/496
f 669/325/497 671/325/498 672/325/498 670/325/497
f 671/325/498 649/325/487 650/325/487 672/325/498
f 674/325/499 650/325/499 652/325/499
f 674/325/499 652/325/499 654/325/499
f 674/325/499 654/325/499 656/325/499
f 674/325/499 656/325/499 658/325/499
f 674/325/499 658/325/499 660/325/499
f 674/325/499 660/325/499 662/325/499
f 674/325/499 662/325/499 664/325/499
f 674/325/499 664/325/499 666/325/499
f 674/325/499 666/325/499 668/325/499
f 674/325/499 668/325/499 670/325/499
f 674/325/499 670/325/499 672/325/499
f 674/325/499 672/325/499 650/325/499
f 673/325/500 651/325/500 649/325/500
f 673/325/500 653/325/500 651/325/500
f 673/325/500 655/325/500 653/325/500
f 673/325/500 657/325/500 655/325/500
f 673/325/500 659/325/500 657/325/500
f 673/325/500 661/325/500 659/325/500
f 673/325/500 663/325/500 661/325/500
f 673/325/500 665/325/500 663/325/500
f 673/325/500 667/325/500 665/325/500
f 673/325/500 669/325/500 667/325/500
f 673/325/500 671/325/500 669/325/500
f 673/325/500 649/325/500 671/325/500

o FloorLamp_Pole
f 675/326/501 677/326/502 678/326/502 676/326/501
f 677/326/502 679/326/503 680/326/503 678/326/502
f 679/326/503 681/326/504 682/326/504 680/326/503
f 681/326/504 683/326/505 684/326/505 682/326/504
f 683/326/505 685/326/506 686/326/506 684/326/505
f 685/326/506 687/326/507 688/326/507 686/326/506
f 687/326/507 689/326/508 690/326/508 688/326/507
f 689/326/508 675/326/501 676/326/501 690/326/508
f 692/326/509 676/326/509 678/326/509
f 692/326/509 678/326/509 680/326/509
f 692/326/509 680/326/509 682/326/509
f 692/326/509 682/326/509 684/326/509
f 692/326/509 684/326/509 686/326/509
f 692/326/509 686/326/509 688/326/509
f 692/326/509 688/326/509 690/326/509
f 692/326/509 690/326/509 676/326/509
f 691/326/510 677/326/510 675/326/510
f 691/326/510 679/326/510 677/326/510
f 691/326/510 681/326/510 679/326/510
f 691/326/510 683/326/510 681/326/510
f 691/326/510 685/326/510 683/326/510
f 691/326/510 687/326/510 685/326/510
f 691/326/510 689/326/510 687/326/510
f 691/326/510 675/326/510 689/326/510

o FloorLamp_Shade
usemtl Lamp_Shade_Linen
s 1
f 693/327/511 695/327/512 696/327/512 694/327/511
f 695/327/512 697/327/513 698/327/513 696/327/512
f 697/327/513 699/327/514 700/327/514 698/327/513
f 699/327/514 701/327/515 702/327/515 700/327/514
f 701/327/515 703/327/516 704/327/516 702/327/515
f 703/327/516 705/327/517 706/327/517 704/327/516
f 705/327/517 707/327/518 708/327/518 706/327/517
f 707/327/518 709/327/519 710/327/519 708/327/518
f 709/327/519 711/327/520 712/327/520 710/327/519
f 711/327/520 713/327/521 714/327/521 712/327/520
f 713/327/521 715/327/522 716/327/522 714/327/521
f 715/327/522 693/327/511 694/327/511 716/327/522
f 718/327/523 694/327/523 696/327/523
f 718/327/523 696/327/523 698/327/523
f 718/327/523 698/327/523 700/327/523
f 718/327/523 700/327/523 702/327/523
f 718/327/523 702/327/523 704/327/523
f 718/327/523 704/327/523 706/327/523
f 718/327/523 706/327/523 708/327/523
f 718/327/523 708/327/523 710/327/523
f 718/327/523 710/327/523 712/327/523
f 718/327/523 712/327/523 714/327/523
f 718/327/523 714/327/523 716/327/523
f 718/327/523 716/327/523 694/327/523
f 717/327/524 695/327/524 693/327/524
f 717/327/524 697/327/524 695/327/524
f 717/327/524 699/327/524 697/327/524
f 717/327/524 701/327/524 699/327/524
f 717/327/524 703/327/524 701/327/524
f 717/327/524 705/327/524 703/327/524
f 717/327/524 707/327/524 705/327/524
f 717/327/524 709/327/524 707/327/524
f 717/327/524 711/327/524 709/327/524
f 717/327/524 713/327/524 711/327/524
f 717/327/524 715/327/524 713/327/524
f 717/327/524 693/327/524 715/327/524

o Kitchen_BaseCabinets_N
usemtl Kitchen_Cabinet_MatteForest
s 1
f 719/328/525 720/329/525 721/330/525 722/331/525
f 724/328/526 723/329/526 726/330/526 725/331/526
f 722/328/527 721/329/527 725/330/527 726/331/527
f 723/328/528 724/329/528 720/330/528 719/331/528
f 720/328/530 724/329/530 725/330/530 721/331/530
f 723/328/529 719/329/529 722/330/529 726/331/529

o Kitchen_Countertop_N
usemtl Countertop_WhiteQuartz
s 1
f 727/332/531 728/333/531 729/334/531 730/335/531
f 732/332/532 731/333/532 734/334/532 733/335/532
f 730/332/533 729/333/533 733/334/533 734/335/533
f 731/332/534 732/333/534 728/334/534 727/335/534
f 728/332/536 732/333/536 733/334/536 729/335/536
f 731/332/535 727/333/535 730/334/535 734/335/535

o Kitchen_BaseCabinets_W
usemtl Kitchen_Cabinet_MatteForest
s 1
f 735/336/537 736/337/537 737/338/537 738/339/537
f 740/336/538 739/337/538 742/338/538 741/339/538
f 738/336/539 737/337/539 741/338/539 742/339/539
f 739/336/540 740/337/540 736/338/540 735/339/540
f 736/336/542 740/337/542 741/338/542 737/339/542
f 739/336/541 735/337/541 738/338/541 742/339/541

o Kitchen_Countertop_W
usemtl Countertop_WhiteQuartz
s 1
f 743/340/543 744/341/543 745/342/543 746/343/543
f 748/340/544 747/341/544 750/342/544 749/343/544
f 746/340/545 745/341/545 749/342/545 750/343/545
f 747/340/546 748/341/546 744/342/546 743/343/546
f 744/340/548 748/341/548 749/342/548 745/343/548
f 747/340/547 743/341/547 746/342/547 750/343/547

o Kitchen_UpperCabinets_1
usemtl Kitchen_Cabinet_MatteForest
s 1
f 751/344/549 752/345/549 753/346/549 754/347/549
f 756/344/550 755/345/550 758/346/550 757/347/550
f 754/344/551 753/345/551 757/346/551 758/347/551
f 755/344/552 756/345/552 752/346/552 751/347/552
f 752/344/554 756/345/554 757/346/554 753/347/554
f 755/344/553 751/345/553 754/346/553 758/347/553

o Kitchen_UpperCabinets_2
f 759/348/555 760/349/555 761/350/555 762/351/555
f 764/348/556 763/349/556 766/350/556 765/351/556
f 762/348/557 761/349/557 765/350/557 766/351/557
f 763/348/558 764/349/558 760/350/558 759/351/558
f 760/348/560 764/349/560 765/350/560 761/351/560
f 763/348/559 759/349/559 762/350/559 766/351/559

o Kitchen_Sink_Basin
usemtl Sink_Chrome
s 1
f 767/352/561 768/353/561 769/354/561 770/355/561
f 772/352/562 771/353/562 774/354/562 773/355/562
f 770/352/563 769/353/563 773/354/563 774/355/563
f 771/352/564 772/353/564 768/354/564 767/355/564
f 768/352/566 772/353/566 773/354/566 769/355/566
f 771/352/565 767/353/565 770/354/565 774/355/565

o Kitchen_Faucet
f 775/356/567 777/356/568 778/356/568 776/356/567
f 777/356/568 779/356/569 780/356/569 778/356/568
f 779/356/569 781/356/570 782/356/570 780/356/569
f 781/356/570 783/356/571 784/356/571 782/356/570
f 783/356/571 785/356/572 786/356/572 784/356/571
f 785/356/572 787/356/573 788/356/573 786/356/572
f 787/356/573 789/356/574 790/356/574 788/356/573
f 789/356/574 775/356/567 776/356/567 790/356/574
f 792/356/575 776/356/575 778/356/575
f 792/356/575 778/356/575 780/356/575
f 792/356/575 780/356/575 782/356/575
f 792/356/575 782/356/575 784/356/575
f 792/356/575 784/356/575 786/356/575
f 792/356/575 786/356/575 788/356/575
f 792/356/575 788/356/575 790/356/575
f 792/356/575 790/356/575 776/356/575
f 791/356/576 777/356/576 775/356/576
f 791/356/576 779/356/576 777/356/576
f 791/356/576 781/356/576 779/356/576
f 791/356/576 783/356/576 781/356/576
f 791/356/576 785/356/576 783/356/576
f 791/356/576 787/356/576 785/356/576
f 791/356/576 789/356/576 787/356/576
f 791/356/576 775/356/576 789/356/576

o Kitchen_InductionCooktop
usemtl Cooktop_CeramicGlass
s 1
f 793/357/577 794/358/577 795/359/577 796/360/577
f 798/357/578 797/358/578 800/359/578 799/360/578
f 796/357/579 795/358/579 799/359/579 800/360/579
f 797/357/580 798/358/580 794/359/580 793/360/580
f 794/357/582 798/358/582 799/359/582 795/360/582
f 797/357/581 793/358/581 796/359/581 800/360/581

o Refrigerator_Body
usemtl Appliance_StainlessSteel
s 1
f 801/361/583 802/362/583 803/363/583 804/364/583
f 806/361/584 805/362/584 808/363/584 807/364/584
f 804/361/585 803/362/585 807/363/585 808/364/585
f 805/361/586 806/362/586 802/363/586 801/364/586
f 802/361/588 806/362/588 807/363/588 803/364/588
f 805/361/587 801/362/587 804/363/587 808/364/587

o Refrigerator_Handle
usemtl Metal_BlackMatte
s 1
f 809/365/589 810/366/589 811/367/589 812/368/589
f 814/365/590 813/366/590 816/367/590 815/368/590
f 812/365/591 811/366/591 815/367/591 816/368/591
f 813/365/592 814/366/592 810/367/592 809/368/592
f 810/365/594 814/366/594 815/367/594 811/368/594
f 813/365/593 809/366/593 812/367/593 816/368/593

o DiningTable_Top
usemtl Dining_Table_NaturalAsh
s 1
f 817/369/595 818/370/595 819/371/595 820/372/595
f 822/369/596 821/370/596 824/371/596 823/372/596
f 820/369/597 819/370/597 823/371/597 824/372/597
f 821/369/598 822/370/598 818/371/598 817/372/598
f 818/369/600 822/370/600 823/371/600 819/372/600
f 821/369/599 817/370/599 820/371/599 824/372/599

o DiningLeg_1
usemtl Metal_BlackMatte
s 1
f 825/373/601 826/374/601 827/375/601 828/376/601
f 830/373/602 829/374/602 832/375/602 831/376/602
f 828/373/603 827/374/603 831/375/603 832/376/603
f 829/373/604 830/374/604 826/375/604 825/376/604
f 826/373/606 830/374/606 831/375/606 827/376/606
f 829/373/605 825/374/605 828/375/605 832/376/605

o DiningLeg_2
f 833/377/607 834/378/607 835/379/607 836/380/607
f 838/377/608 837/378/608 840/379/608 839/380/608
f 836/377/609 835/378/609 839/379/609 840/380/609
f 837/377/610 838/378/610 834/379/610 833/380/610
f 834/377/612 838/378/612 839/379/612 835/380/612
f 837/377/611 833/378/611 836/379/611 840/380/611

o DiningLeg_3
f 841/381/613 842/382/613 843/383/613 844/384/613
f 846/381/614 845/382/614 848/383/614 847/384/614
f 844/381/615 843/382/615 847/383/615 848/384/615
f 845/381/616 846/382/616 842/383/616 841/384/616
f 842/381/618 846/382/618 847/383/618 843/384/618
f 845/381/617 841/382/617 844/383/617 848/384/617

o DiningLeg_4
f 849/385/619 850/386/619 851/387/619 852/388/619
f 854/385/620 853/386/620 856/387/620 855/388/620
f 852/385/621 851/386/621 855/387/621 856/388/621
f 853/385/622 854/386/622 850/387/622 849/388/622
f 850/385/624 854/386/624 855/387/624 851/388/624
f 853/385/623 849/386/623 852/387/623 856/388/623

o Chair_N_-3.8_Seat
usemtl Dining_Chair_LeatherTan
s 1
f 857/389/625 858/390/625 859/391/625 860/392/625
f 862/389/626 861/390/626 864/391/626 863/392/626
f 860/389/627 859/390/627 863/391/627 864/392/627
f 861/389/628 862/390/628 858/391/628 857/392/628
f 858/389/630 862/390/630 863/391/630 859/392/630
f 861/389/629 857/390/629 860/391/629 864/392/629

o Chair_N_-3.8_Back
f 865/393/631 866/394/631 867/395/631 868/396/631
f 870/393/632 869/394/632 872/395/632 871/396/632
f 868/393/633 867/394/633 871/395/633 872/396/633
f 869/393/634 870/394/634 866/395/634 865/396/634
f 866/393/636 870/394/636 871/395/636 867/396/636
f 869/393/635 865/394/635 868/395/635 872/396/635

o Chair_N_-3.8_Legs
usemtl Metal_BlackMatte
s 1
f 873/397/637 874/398/637 875/399/637 876/400/637
f 878/397/638 877/398/638 880/399/638 879/400/638
f 876/397/639 875/398/639 879/399/639 880/400/639
f 877/397/640 878/398/640 874/399/640 873/400/640
f 874/397/642 878/398/642 879/399/642 875/400/642
f 877/397/641 873/398/641 876/399/641 880/400/641

o Chair_S_-3.8_Seat
usemtl Dining_Chair_LeatherTan
s 1
f 881/401/643 882/402/643 883/403/643 884/404/643
f 886/401/644 885/402/644 888/403/644 887/404/644
f 884/401/645 883/402/645 887/403/645 888/404/645
f 885/401/646 886/402/646 882/403/646 881/404/646
f 882/401/648 886/402/648 887/403/648 883/404/648
f 885/401/647 881/402/647 884/403/647 888/404/647

o Chair_S_-3.8_Back
f 889/405/649 890/406/649 891/407/649 892/408/649
f 894/405/650 893/406/650 896/407/650 895/408/650
f 892/405/651 891/406/651 895/407/651 896/408/651
f 893/405/652 894/406/652 890/407/652 889/408/652
f 890/405/654 894/406/654 895/407/654 891/408/654
f 893/405/653 889/406/653 892/407/653 896/408/653

o Chair_S_-3.8_Legs
usemtl Metal_BlackMatte
s 1
f 897/409/655 898/410/655 899/411/655 900/412/655
f 902/409/656 901/410/656 904/411/656 903/412/656
f 900/409/657 899/410/657 903/411/657 904/412/657
f 901/409/658 902/410/658 898/411/658 897/412/658
f 898/409/660 902/410/660 903/411/660 899/412/660
f 901/409/659 897/410/659 900/411/659 904/412/659

o Chair_N_-3.0_Seat
usemtl Dining_Chair_LeatherTan
s 1
f 905/413/661 906/414/661 907/415/661 908/416/661
f 910/413/662 909/414/662 912/415/662 911/416/662
f 908/413/663 907/414/663 911/415/663 912/416/663
f 909/413/664 910/414/664 906/415/664 905/416/664
f 906/413/666 910/414/666 911/415/666 907/416/666
f 909/413/665 905/414/665 908/415/665 912/416/665

o Chair_N_-3.0_Back
f 913/417/667 914/418/667 915/419/667 916/420/667
f 918/417/668 917/418/668 920/419/668 919/420/668
f 916/417/669 915/418/669 919/419/669 920/420/669
f 917/417/670 918/418/670 914/419/670 913/420/670
f 914/417/672 918/418/672 919/419/672 915/420/672
f 917/417/671 913/418/671 916/419/671 920/420/671

o Chair_N_-3.0_Legs
usemtl Metal_BlackMatte
s 1
f 921/421/673 922/422/673 923/423/673 924/424/673
f 926/421/674 925/422/674 928/423/674 927/424/674
f 924/421/675 923/422/675 927/423/675 928/424/675
f 925/421/676 926/422/676 922/423/676 921/424/676
f 922/421/678 926/422/678 927/423/678 923/424/678
f 925/421/677 921/422/677 924/423/677 928/424/677

o Chair_S_-3.0_Seat
usemtl Dining_Chair_LeatherTan
s 1
f 929/425/679 930/426/679 931/427/679 932/428/679
f 934/425/680 933/426/680 936/427/680 935/428/680
f 932/425/681 931/426/681 935/427/681 936/428/681
f 933/425/682 934/426/682 930/427/682 929/428/682
f 930/425/684 934/426/684 935/427/684 931/428/684
f 933/425/683 929/426/683 932/427/683 936/428/683

o Chair_S_-3.0_Back
f 937/429/685 938/430/685 939/431/685 940/432/685
f 942/429/686 941/430/686 944/431/686 943/432/686
f 940/429/687 939/430/687 943/431/687 944/432/687
f 941/429/688 942/430/688 938/431/688 937/432/688
f 938/429/690 942/430/690 943/431/690 939/432/690
f 941/429/689 937/430/689 940/431/689 944/432/689

o Chair_S_-3.0_Legs
usemtl Metal_BlackMatte
s 1
f 945/433/691 946/434/691 947/435/691 948/436/691
f 950/433/692 949/434/692 952/435/692 951/436/692
f 948/433/693 947/434/693 951/435/693 952/436/693
f 949/433/694 950/434/694 946/435/694 945/436/694
f 946/433/696 950/434/696 951/435/696 947/436/696
f 949/433/695 945/434/695 948/435/695 952/436/695

o Bed_Frame_Base
usemtl Bed_Frame_DarkWood
s 1
f 953/437/697 954/438/697 955/439/697 956/440/697
f 958/437/698 957/438/698 960/439/698 959/440/698
f 956/437/699 955/438/699 959/439/699 960/440/699
f 957/437/700 958/438/700 954/439/700 953/440/700
f 954/437/702 958/438/702 959/439/702 955/440/702
f 957/437/701 953/438/701 956/439/701 960/440/701

o Bed_Headboard
f 961/441/703 962/442/703 963/443/703 964/444/703
f 966/441/704 965/442/704 968/443/704 967/444/704
f 964/441/705 963/442/705 967/443/705 968/444/705
f 965/441/706 966/442/706 962/443/706 961/444/706
f 962/441/708 966/442/708 967/443/708 963/444/708
f 965/441/707 961/442/707 964/443/707 968/444/707

o Bed_Mattress
usemtl Bed_MattressLinen_White
s 1
f 969/445/709 970/446/709 971/447/709 972/448/709
f 974/445/710 973/446/710 976/447/710 975/448/710
f 972/445/711 971/446/711 975/447/711 976/448/711
f 973/445/712 974/446/712 970/447/712 969/448/712
f 970/445/714 974/446/714 975/447/714 971/448/714
f 973/445/713 969/446/713 972/447/713 976/448/713

o Bed_Duvet
usemtl Bed_Duvet_Terracotta
s 1
f 977/449/715 978/450/715 979/451/715 980/452/715
f 982/449/716 981/450/716 984/451/716 983/452/716
f 980/449/717 979/450/717 983/451/717 984/452/717
f 981/449/718 982/450/718 978/451/718 977/452/718
f 978/449/720 982/450/720 983/451/720 979/452/720
f 981/449/719 977/450/719 980/451/719 984/452/719

o Bed_Pillow_Left
usemtl Bed_Pillow_Beige
s 1
f 985/453/721 986/454/721 987/455/721 988/456/721
f 990/453/722 989/454/722 992/455/722 991/456/722
f 988/453/723 987/454/723 991/455/723 992/456/723
f 989/453/724 990/454/724 986/455/724 985/456/724
f 986/453/726 990/454/726 991/455/726 987/456/726
f 989/453/725 985/454/725 988/455/725 992/456/725

o Bed_Pillow_Right
f 993/457/727 994/458/727 995/459/727 996/460/727
f 998/457/728 997/458/728 1000/459/728 999/460/728
f 996/457/729 995/458/729 999/459/729 1000/460/729
f 997/457/730 998/458/730 994/459/730 993/460/730
f 994/457/732 998/458/732 999/459/732 995/460/732
f 997/457/731 993/458/731 996/459/731 1000/460/731

o Nightstand_Left
usemtl Nightstand_DarkWood
s 1
f 1001/461/733 1002/462/733 1003/463/733 1004/464/733
f 1006/461/734 1005/462/734 1008/463/734 1007/464/734
f 1004/461/735 1003/462/735 1007/463/735 1008/464/735
f 1005/461/736 1006/462/736 1002/463/736 1001/464/736
f 1002/461/738 1006/462/738 1007/463/738 1003/464/738
f 1005/461/737 1001/462/737 1004/463/737 1008/464/737

o Lamp_Left_Stem
usemtl Door_Hardware_Brass
s 1
f 1009/465/739 1011/465/740 1012/465/740 1010/465/739
f 1011/465/740 1013/465/741 1014/465/741 1012/465/740
f 1013/465/741 1015/465/742 1016/465/742 1014/465/741
f 1015/465/742 1017/465/743 1018/465/743 1016/465/742
f 1017/465/743 1019/465/744 1020/465/744 1018/465/743
f 1019/465/744 1021/465/745 1022/465/745 1020/465/744
f 1021/465/745 1023/465/746 1024/465/746 1022/465/745
f 1023/465/746 1025/465/747 1026/465/747 1024/465/746
f 1025/465/747 1027/465/748 1028/465/748 1026/465/747
f 1027/465/748 1009/465/739 1010/465/739 1028/465/748
f 1030/465/749 1010/465/749 1012/465/749
f 1030/465/749 1012/465/749 1014/465/749
f 1030/465/749 1014/465/749 1016/465/749
f 1030/465/749 1016/465/749 1018/465/749
f 1030/465/749 1018/465/749 1020/465/749
f 1030/465/749 1020/465/749 1022/465/749
f 1030/465/749 1022/465/749 1024/465/749
f 1030/465/749 1024/465/749 1026/465/749
f 1030/465/749 1026/465/749 1028/465/749
f 1030/465/749 1028/465/749 1010/465/749
f 1029/465/750 1011/465/750 1009/465/750
f 1029/465/750 1013/465/750 1011/465/750
f 1029/465/750 1015/465/750 1013/465/750
f 1029/465/750 1017/465/750 1015/465/750
f 1029/465/750 1019/465/750 1017/465/750
f 1029/465/750 1021/465/750 1019/465/750
f 1029/465/750 1023/465/750 1021/465/750
f 1029/465/750 1025/465/750 1023/465/750
f 1029/465/750 1027/465/750 1025/465/750
f 1029/465/750 1009/465/750 1027/465/750

o Lamp_Left_Shade
usemtl Lamp_Shade_Linen
s 1
f 1031/466/751 1033/466/752 1034/466/752 1032/466/751
f 1033/466/752 1035/466/753 1036/466/753 1034/466/752
f 1035/466/753 1037/466/754 1038/466/754 1036/466/753
f 1037/466/754 1039/466/755 1040/466/755 1038/466/754
f 1039/466/755 1041/466/756 1042/466/756 1040/466/755
f 1041/466/756 1043/466/757 1044/466/757 1042/466/756
f 1043/466/757 1045/466/758 1046/466/758 1044/466/757
f 1045/466/758 1047/466/759 1048/466/759 1046/466/758
f 1047/466/759 1049/466/760 1050/466/760 1048/466/759
f 1049/466/760 1051/466/761 1052/466/761 1050/466/760
f 1051/466/761 1053/466/762 1054/466/762 1052/466/761
f 1053/466/762 1031/466/751 1032/466/751 1054/466/762
f 1056/466/763 1032/466/763 1034/466/763
f 1056/466/763 1034/466/763 1036/466/763
f 1056/466/763 1036/466/763 1038/466/763
f 1056/466/763 1038/466/763 1040/466/763
f 1056/466/763 1040/466/763 1042/466/763
f 1056/466/763 1042/466/763 1044/466/763
f 1056/466/763 1044/466/763 1046/466/763
f 1056/466/763 1046/466/763 1048/466/763
f 1056/466/763 1048/466/763 1050/466/763
f 1056/466/763 1050/466/763 1052/466/763
f 1056/466/763 1052/466/763 1054/466/763
f 1056/466/763 1054/466/763 1032/466/763
f 1055/466/764 1033/466/764 1031/466/764
f 1055/466/764 1035/466/764 1033/466/764
f 1055/466/764 1037/466/764 1035/466/764
f 1055/466/764 1039/466/764 1037/466/764
f 1055/466/764 1041/466/764 1039/466/764
f 1055/466/764 1043/466/764 1041/466/764
f 1055/466/764 1045/466/764 1043/466/764
f 1055/466/764 1047/466/764 1045/466/764
f 1055/466/764 1049/466/764 1047/466/764
f 1055/466/764 1051/466/764 1049/466/764
f 1055/466/764 1053/466/764 1051/466/764
f 1055/466/764 1031/466/764 1053/466/764

o Nightstand_Right
usemtl Nightstand_DarkWood
s 1
f 1057/467/765 1058/468/765 1059/469/765 1060/470/765
f 1062/467/766 1061/468/766 1064/469/766 1063/470/766
f 1060/467/767 1059/468/767 1063/469/767 1064/470/767
f 1061/467/768 1062/468/768 1058/469/768 1057/470/768
f 1058/467/770 1062/468/770 1063/469/770 1059/470/770
f 1061/467/769 1057/468/769 1060/469/769 1064/470/769

o Lamp_Right_Stem
usemtl Door_Hardware_Brass
s 1
f 1065/471/771 1067/471/772 1068/471/772 1066/471/771
f 1067/471/772 1069/471/773 1070/471/773 1068/471/772
f 1069/471/773 1071/471/774 1072/471/774 1070/471/773
f 1071/471/774 1073/471/775 1074/471/775 1072/471/774
f 1073/471/775 1075/471/776 1076/471/776 1074/471/775
f 1075/471/776 1077/471/777 1078/471/777 1076/471/776
f 1077/471/777 1079/471/778 1080/471/778 1078/471/777
f 1079/471/778 1081/471/779 1082/471/779 1080/471/778
f 1081/471/779 1083/471/780 1084/471/780 1082/471/779
f 1083/471/780 1065/471/771 1066/471/771 1084/471/780
f 1086/471/781 1066/471/781 1068/471/781
f 1086/471/781 1068/471/781 1070/471/781
f 1086/471/781 1070/471/781 1072/471/781
f 1086/471/781 1072/471/781 1074/471/781
f 1086/471/781 1074/471/781 1076/471/781
f 1086/471/781 1076/471/781 1078/471/781
f 1086/471/781 1078/471/781 1080/471/781
f 1086/471/781 1080/471/781 1082/471/781
f 1086/471/781 1082/471/781 1084/471/781
f 1086/471/781 1084/471/781 1066/471/781
f 1085/471/782 1067/471/782 1065/471/782
f 1085/471/782 1069/471/782 1067/471/782
f 1085/471/782 1071/471/782 1069/471/782
f 1085/471/782 1073/471/782 1071/471/782
f 1085/471/782 1075/471/782 1073/471/782
f 1085/471/782 1077/471/782 1075/471/782
f 1085/471/782 1079/471/782 1077/471/782
f 1085/471/782 1081/471/782 1079/471/782
f 1085/471/782 1083/471/782 1081/471/782
f 1085/471/782 1065/471/782 1083/471/782

o Lamp_Right_Shade
usemtl Lamp_Shade_Linen
s 1
f 1087/472/783 1089/472/784 1090/472/784 1088/472/783
f 1089/472/784 1091/472/785 1092/472/785 1090/472/784
f 1091/472/785 1093/472/786 1094/472/786 1092/472/785
f 1093/472/786 1095/472/787 1096/472/787 1094/472/786
f 1095/472/787 1097/472/788 1098/472/788 1096/472/787
f 1097/472/788 1099/472/789 1100/472/789 1098/472/788
f 1099/472/789 1101/472/790 1102/472/790 1100/472/789
f 1101/472/790 1103/472/791 1104/472/791 1102/472/790
f 1103/472/791 1105/472/792 1106/472/792 1104/472/791
f 1105/472/792 1107/472/793 1108/472/793 1106/472/792
f 1107/472/793 1109/472/794 1110/472/794 1108/472/793
f 1109/472/794 1087/472/783 1088/472/783 1110/472/794
f 1112/472/795 1088/472/795 1090/472/795
f 1112/472/795 1090/472/795 1092/472/795
f 1112/472/795 1092/472/795 1094/472/795
f 1112/472/795 1094/472/795 1096/472/795
f 1112/472/795 1096/472/795 1098/472/795
f 1112/472/795 1098/472/795 1100/472/795
f 1112/472/795 1100/472/795 1102/472/795
f 1112/472/795 1102/472/795 1104/472/795
f 1112/472/795 1104/472/795 1106/472/795
f 1112/472/795 1106/472/795 1108/472/795
f 1112/472/795 1108/472/795 1110/472/795
f 1112/472/795 1110/472/795 1088/472/795
f 1111/472/796 1089/472/796 1087/472/796
f 1111/472/796 1091/472/796 1089/472/796
f 1111/472/796 1093/472/796 1091/472/796
f 1111/472/796 1095/472/796 1093/472/796
f 1111/472/796 1097/472/796 1095/472/796
f 1111/472/796 1099/472/796 1097/472/796
f 1111/472/796 1101/472/796 1099/472/796
f 1111/472/796 1103/472/796 1101/472/796
f 1111/472/796 1105/472/796 1103/472/796
f 1111/472/796 1107/472/796 1105/472/796
f 1111/472/796 1109/472/796 1107/472/796
f 1111/472/796 1087/472/796 1109/472/796

o Wardrobe_Closet
usemtl Wardrobe_CleanWhite
s 1
f 1113/473/797 1114/474/797 1115/475/797 1116/476/797
f 1118/473/798 1117/474/798 1120/475/798 1119/476/798
f 1116/473/799 1115/474/799 1119/475/799 1120/476/799
f 1117/473/800 1118/474/800 1114/475/800 1113/476/800
f 1114/473/802 1118/474/802 1119/475/802 1115/476/802
f 1117/473/801 1113/474/801 1116/475/801 1120/476/801

o Wardrobe_Handle_L
usemtl Door_Hardware_Brass
s 1
f 1121/477/803 1122/478/803 1123/479/803 1124/480/803
f 1126/477/804 1125/478/804 1128/479/804 1127/480/804
f 1124/477/805 1123/478/805 1127/479/805 1128/480/805
f 1125/477/806 1126/478/806 1122/479/806 1121/480/806
f 1122/477/808 1126/478/808 1127/479/808 1123/480/808
f 1125/477/807 1121/478/807 1124/479/807 1128/480/807

o Wardrobe_Handle_R
f 1129/481/809 1130/482/809 1131/483/809 1132/484/809
f 1134/481/810 1133/482/810 1136/483/810 1135/484/810
f 1132/481/811 1131/482/811 1135/483/811 1136/484/811
f 1133/481/812 1134/482/812 1130/483/812 1129/484/812
f 1130/481/814 1134/482/814 1135/483/814 1131/484/814
f 1133/481/813 1129/482/813 1132/483/813 1136/484/813

o Bathroom_Vanity_Base
usemtl Vanity_Cabinet_Teak
s 1
f 1137/485/815 1138/486/815 1139/487/815 1140/488/815
f 1142/485/816 1141/486/816 1144/487/816 1143/488/816
f 1140/485/817 1139/486/817 1143/487/817 1144/488/817
f 1141/485/818 1142/486/818 1138/487/818 1137/488/818
f 1138/485/820 1142/486/820 1143/487/820 1139/488/820
f 1141/485/819 1137/486/819 1140/487/819 1144/488/819

o Bathroom_Counter_Top
usemtl Countertop_WhiteQuartz
s 1
f 1145/489/821 1146/490/821 1147/491/821 1148/492/821
f 1150/489/822 1149/490/822 1152/491/822 1151/492/822
f 1148/489/823 1147/490/823 1151/491/823 1152/492/823
f 1149/489/824 1150/490/824 1146/491/824 1145/492/824
f 1146/489/826 1150/490/826 1151/491/826 1147/492/826
f 1149/489/825 1145/490/825 1148/491/825 1152/492/825

o Bathroom_Sink_Basin
usemtl Bathroom_PorcelainWhite
s 1
f 1153/493/827 1154/494/827 1155/495/827 1156/496/827
f 1158/493/828 1157/494/828 1160/495/828 1159/496/828
f 1156/493/829 1155/494/829 1159/495/829 1160/496/829
f 1157/493/830 1158/494/830 1154/495/830 1153/496/830
f 1154/493/832 1158/494/832 1159/495/832 1155/496/832
f 1157/493/831 1153/494/831 1156/495/831 1160/496/831

o Bathroom_Faucet
usemtl Sink_Chrome
s 1
f 1161/497/833 1163/497/834 1164/497/834 1162/497/833
f 1163/497/834 1165/497/835 1166/497/835 1164/497/834
f 1165/497/835 1167/497/836 1168/497/836 1166/497/835
f 1167/497/836 1169/497/837 1170/497/837 1168/497/836
f 1169/497/837 1171/497/838 1172/497/838 1170/497/837
f 1171/497/838 1173/497/839 1174/497/839 1172/497/838
f 1173/497/839 1175/497/840 1176/497/840 1174/497/839
f 1175/497/840 1161/497/833 1162/497/833 1176/497/840
f 1178/497/841 1162/497/841 1164/497/841
f 1178/497/841 1164/497/841 1166/497/841
f 1178/497/841 1166/497/841 1168/497/841
f 1178/497/841 1168/497/841 1170/497/841
f 1178/497/841 1170/497/841 1172/497/841
f 1178/497/841 1172/497/841 1174/497/841
f 1178/497/841 1174/497/841 1176/497/841
f 1178/497/841 1176/497/841 1162/497/841
f 1177/497/842 1163/497/842 1161/497/842
f 1177/497/842 1165/497/842 1163/497/842
f 1177/497/842 1167/497/842 1165/497/842
f 1177/497/842 1169/497/842 1167/497/842
f 1177/497/842 1171/497/842 1169/497/842
f 1177/497/842 1173/497/842 1171/497/842
f 1177/497/842 1175/497/842 1173/497/842
f 1177/497/842 1161/497/842 1175/497/842

o Bathroom_Mirror
usemtl Mirror_Reflective
s 1
f 1179/498/843 1180/499/843 1181/500/843 1182/501/843
f 1184/498/844 1183/499/844 1186/500/844 1185/501/844
f 1182/498/845 1181/499/845 1185/500/845 1186/501/845
f 1183/498/846 1184/499/846 1180/500/846 1179/501/846
f 1180/498/848 1184/499/848 1185/500/848 1181/501/848
f 1183/498/847 1179/499/847 1182/500/847 1186/501/847

o Bathroom_Mirror_Frame
usemtl Metal_BlackMatte
s 1
f 1187/502/849 1188/503/849 1189/504/849 1190/505/849
f 1192/502/850 1191/503/850 1194/504/850 1193/505/850
f 1190/502/851 1189/503/851 1193/504/851 1194/505/851
f 1191/502/852 1192/503/852 1188/504/852 1187/505/852
f 1188/502/854 1192/503/854 1193/504/854 1189/505/854
f 1191/502/853 1187/503/853 1190/504/853 1194/505/853

o Toilet_Base
usemtl Bathroom_PorcelainWhite
s 1
f 1195/506/855 1196/507/855 1197/508/855 1198/509/855
f 1200/506/856 1199/507/856 1202/508/856 1201/509/856
f 1198/506/857 1197/507/857 1201/508/857 1202/509/857
f 1199/506/858 1200/507/858 1196/508/858 1195/509/858
f 1196/506/860 1200/507/860 1201/508/860 1197/509/860
f 1199/506/859 1195/507/859 1198/508/859 1202/509/859

o Toilet_Seat
f 1203/510/861 1204/511/861 1205/512/861 1206/513/861
f 1208/510/862 1207/511/862 1210/512/862 1209/513/862
f 1206/510/863 1205/511/863 1209/512/863 1210/513/863
f 1207/510/864 1208/511/864 1204/512/864 1203/513/864
f 1204/510/866 1208/511/866 1209/512/866 1205/513/866
f 1207/510/865 1203/511/865 1206/512/865 1210/513/865

o Toilet_Tank
f 1211/514/867 1212/515/867 1213/516/867 1214/517/867
f 1216/514/868 1215/515/868 1218/516/868 1217/517/868
f 1214/514/869 1213/515/869 1217/516/869 1218/517/869
f 1215/514/870 1216/515/870 1212/516/870 1211/517/870
f 1212/514/872 1216/515/872 1217/516/872 1213/517/872
f 1215/514/871 1211/515/871 1214/516/871 1218/517/871

o Toilet_FlushLever
usemtl Sink_Chrome
s 1
f 1219/518/873 1221/518/874 1222/518/874 1220/518/873
f 1221/518/874 1223/518/875 1224/518/875 1222/518/874
f 1223/518/875 1225/518/876 1226/518/876 1224/518/875
f 1225/518/876 1227/518/877 1228/518/877 1226/518/876
f 1227/518/877 1229/518/878 1230/518/878 1228/518/877
f 1229/518/878 1231/518/879 1232/518/879 1230/518/878
f 1231/518/879 1233/518/880 1234/518/880 1232/518/879
f 1233/518/880 1219/518/873 1220/518/873 1234/518/880
f 1236/518/881 1220/518/881 1222/518/881
f 1236/518/881 1222/518/881 1224/518/881
f 1236/518/881 1224/518/881 1226/518/881
f 1236/518/881 1226/518/881 1228/518/881
f 1236/518/881 1228/518/881 1230/518/881
f 1236/518/881 1230/518/881 1232/518/881
f 1236/518/881 1232/518/881 1234/518/881
f 1236/518/881 1234/518/881 1220/518/881
f 1235/518/882 1221/518/882 1219/518/882
f 1235/518/882 1223/518/882 1221/518/882
f 1235/518/882 1225/518/882 1223/518/882
f 1235/518/882 1227/518/882 1225/518/882
f 1235/518/882 1229/518/882 1227/518/882
f 1235/518/882 1231/518/882 1229/518/882
f 1235/518/882 1233/518/882 1231/518/882
f 1235/518/882 1219/518/882 1233/518/882

o Shower_Curby_Tray
usemtl Ceramic_Tile_LightGrey
s 1
f 1237/519/883 1238/520/883 1239/521/883 1240/522/883
f 1242/519/884 1241/520/884 1244/521/884 1243/522/884
f 1240/519/885 1239/520/885 1243/521/885 1244/522/885
f 1241/519/886 1242/520/886 1238/521/886 1237/522/886
f 1238/519/888 1242/520/888 1243/521/888 1239/522/888
f 1241/519/887 1237/520/887 1240/521/887 1244/522/887

o Shower_Glass_Door
usemtl Shower_GlassClear
s 1
f 1245/523/889 1246/524/889 1247/525/889 1248/526/889
f 1250/523/890 1249/524/890 1252/525/890 1251/526/890
f 1248/523/891 1247/524/891 1251/525/891 1252/526/891
f 1249/523/892 1250/524/892 1246/525/892 1245/526/892
f 1246/523/894 1250/524/894 1251/525/894 1247/526/894
f 1249/523/893 1245/524/893 1248/525/893 1252/526/893

o Shower_Glass_Wall
f 1253/527/895 1254/528/895 1255/529/895 1256/530/895
f 1258/527/896 1257/528/896 1260/529/896 1259/530/896
f 1256/527/897 1255/528/897 1259/529/897 1260/530/897
f 1257/527/898 1258/528/898 1254/529/898 1253/530/898
f 1254/527/900 1258/528/900 1259/529/900 1255/530/900
f 1257/527/899 1253/528/899 1256/529/899 1260/530/899

o Shower_Riser_Pipe
usemtl Sink_Chrome
s 1
f 1261/531/901 1263/531/902 1264/531/902 1262/531/901
f 1263/531/902 1265/531/903 1266/531/903 1264/531/902
f 1265/531/903 1267/531/904 1268/531/904 1266/531/903
f 1267/531/904 1269/531/905 1270/531/905 1268/531/904
f 1269/531/905 1271/531/906 1272/531/906 1270/531/905
f 1271/531/906 1273/531/907 1274/531/907 1272/531/906
f 1273/531/907 1275/531/908 1276/531/908 1274/531/907
f 1275/531/908 1261/531/901 1262/531/901 1276/531/908
f 1278/531/909 1262/531/909 1264/531/909
f 1278/531/909 1264/531/909 1266/531/909
f 1278/531/909 1266/531/909 1268/531/909
f 1278/531/909 1268/531/909 1270/531/909
f 1278/531/909 1270/531/909 1272/531/909
f 1278/531/909 1272/531/909 1274/531/909
f 1278/531/909 1274/531/909 1276/531/909
f 1278/531/909 1276/531/909 1262/531/909
f 1277/531/910 1263/531/910 1261/531/910
f 1277/531/910 1265/531/910 1263/531/910
f 1277/531/910 1267/531/910 1265/531/910
f 1277/531/910 1269/531/910 1267/531/910
f 1277/531/910 1271/531/910 1269/531/910
f 1277/531/910 1273/531/910 1271/531/910
f 1277/531/910 1275/531/910 1273/531/910
f 1277/531/910 1261/531/910 1275/531/910

o Rain_Shower_Head
f 1279/532/911 1281/532/912 1282/532/912 1280/532/911
f 1281/532/912 1283/532/913 1284/532/913 1282/532/912
f 1283/532/913 1285/532/914 1286/532/914 1284/532/913
f 1285/532/914 1287/532/915 1288/532/915 1286/532/914
f 1287/532/915 1289/532/916 1290/532/916 1288/532/915
f 1289/532/916 1291/532/917 1292/532/917 1290/532/916
f 1291/532/917 1293/532/918 1294/532/918 1292/532/917
f 1293/532/918 1295/532/919 1296/532/919 1294/532/918
f 1295/532/919 1297/532/920 1298/532/920 1296/532/919
f 1297/532/920 1299/532/921 1300/532/921 1298/532/920
f 1299/532/921 1301/532/922 1302/532/922 1300/532/921
f 1301/532/922 1279/532/911 1280/532/911 1302/532/922
f 1304/532/923 1280/532/923 1282/532/923
f 1304/532/923 1282/532/923 1284/532/923
f 1304/532/923 1284/532/923 1286/532/923
f 1304/532/923 1286/532/923 1288/532/923
f 1304/532/923 1288/532/923 1290/532/923
f 1304/532/923 1290/532/923 1292/532/923
f 1304/532/923 1292/532/923 1294/532/923
f 1304/532/923 1294/532/923 1296/532/923
f 1304/532/923 1296/532/923 1298/532/923
f 1304/532/923 1298/532/923 1300/532/923
f 1304/532/923 1300/532/923 1302/532/923
f 1304/532/923 1302/532/923 1280/532/923
f 1303/532/924 1281/532/924 1279/532/924
f 1303/532/924 1283/532/924 1281/532/924
f 1303/532/924 1285/532/924 1283/532/924
f 1303/532/924 1287/532/924 1285/532/924
f 1303/532/924 1289/532/924 1287/532/924
f 1303/532/924 1291/532/924 1289/532/924
f 1303/532/924 1293/532/924 1291/532/924
f 1303/532/924 1295/532/924 1293/532/924
f 1303/532/924 1297/532/924 1295/532/924
f 1303/532/924 1299/532/924 1297/532/924
f 1303/532/924 1301/532/924 1299/532/924
f 1303/532/924 1279/532/924 1301/532/924

o Ceiling_Slab
usemtl Ceiling_MatteWhite
s 1
f 1305/533/925 1306/534/925 1307/535/925 1308/536/925
f 1310/533/926 1309/534/926 1312/535/926 1311/536/926
f 1308/533/927 1307/534/927 1311/535/927 1312/536/927
f 1309/533/928 1310/534/928 1306/535/928 1305/536/928
f 1306/533/930 1310/534/930 1311/535/930 1307/536/930
f 1309/533/929 1305/534/929 1308/535/929 1312/536/929

o Roof_Pitched_Gable
usemtl Roof_DarkSlate
s 1
f 1313/537/931 1314/538/931 1318/539/931 1317/540/931
f 1318/537/932 1316/538/932 1315/539/932 1317/540/932
f 1315/537/933 1313/538/933 1317/539/933
f 1314/537/934 1316/538/934 1318/539/934
f 1315/537/935 1316/538/935 1314/539/935 1313/540/935

o Roof_Fascia_North
usemtl Wood_Accent_Siding
s 1
f 1319/541/936 1320/542/936 1321/543/936 1322/544/936
f 1324/541/937 1323/542/937 1326/543/937 1325/544/937
f 1322/541/938 1321/542/938 1325/543/938 1326/544/938
f 1323/541/939 1324/542/939 1320/543/939 1319/544/939
f 1320/541/941 1324/542/941 1325/543/941 1321/544/941
f 1323/541/940 1319/542/940 1322/543/940 1326/544/940

o Roof_Fascia_South
f 1327/545/942 1328/546/942 1329/547/942 1330/548/942
f 1332/545/943 1331/546/943 1334/547/943 1333/548/943
f 1330/545/944 1329/546/944 1333/547/944 1334/548/944
f 1331/545/945 1332/546/945 1328/547/945 1327/548/945
f 1328/545/947 1332/546/947 1333/547/947 1329/548/947
f 1331/545/946 1327/546/946 1330/547/946 1334/548/946
